,Creation_Date,EsteeID,Buy_Sell_Indicator,Traded_Quantity,Traded_Price,Status,TradeTime
0,2021-05-20,BRGGBRACNPR8BR00,1,100,34.4799,Executed,16:54:32.323000
1,2021-05-20,BRCSNAACNOR6BR00,2,100,47.12,Executed,16:53:56
2,2021-05-20,BRCSNAACNOR6BR00,2,100,47.12,Executed,16:53:56
3,2021-05-20,BRPETRACNPR6BR00,1,100,25.81,Executed,16:53:56.007000
4,2021-05-20,BRBBSEACNOR5BR00,2,100,23.52,Executed,16:53:56.007000
5,2021-05-20,BRBBSEACNOR5BR00,2,100,23.52,Executed,16:53:56.013000
6,2021-05-20,BRBBSEACNOR5BR00,2,100,23.52,Executed,16:53:56.013000
7,2021-05-20,BRBBSEACNOR5BR00,2,100,23.52,Executed,16:53:56.017000
8,2021-05-20,BRBBSEACNOR5BR00,2,100,23.52,Executed,16:53:56.017000
9,2021-05-20,BRUSIMACNPA6BR00,2,100,20.23,Executed,16:53:56.030000
10,2021-05-20,BRSUZBACNOR0BR00,1,100,63.43,Executed,16:53:56.030000
11,2021-05-20,BRABCBACNPR4BR00,1,100,16.68,Executed,16:54:10.157000
12,2021-05-20,BRELETACNOR6BR00,1,100,41.52,Executed,16:53:56.033000
13,2021-05-20,BRBRFSACNOR8BR00,1,100,22.91,Executed,16:53:56.033000
14,2021-05-20,BRMULTACNOR5BR00,2,100,25.09,Executed,16:53:56.033000
15,2021-05-20,BRUSIMACNPA6BR00,2,100,20.22,Executed,16:53:56.037000
16,2021-05-20,BRMULTACNOR5BR00,2,100,25.09,Executed,16:53:56.037000
17,2021-05-20,BRBRDTACNOR1BR00,2,100,25.4,Executed,16:53:56.037000
18,2021-05-20,BRPETRACNPR6BR00,1,100,25.81,Executed,16:53:56.037000
19,2021-05-20,BRUSIMACNPA6BR00,2,100,20.22,Executed,16:53:56.037000
20,2021-05-20,BRRAILACNOR9BR00,1,100,20.28,Executed,16:53:57.013000
21,2021-05-20,BRBEEFACNOR6BR00,1,100,9.6,Executed,16:53:57.020000
22,2021-05-20,BRJBSSACNOR8BR00,2,100,30.38,Executed,16:53:59.083000
23,2021-05-20,BRALSOACNOR5BR00,2,100,28.84,Executed,16:53:57.023000
24,2021-05-20,BRCPLEACNPB9BR00,2,100,6.1,Executed,16:53:57.027000
25,2021-05-20,BRCYREACNOR7BR00,1,100,23.14,Executed,16:53:57.027000
26,2021-05-20,BRGOLLACNPR4BR00,1,100,25.93,Executed,16:53:57.027000
27,2021-05-20,BRALSOACNOR5BR00,2,100,28.84,Executed,16:53:57.027000
28,2021-05-20,BRB3SAACNOR6BR00,1,100,17.26,Executed,16:53:57.027000
29,2021-05-20,BRGOLLACNPR4BR00,1,100,25.93,Executed,16:53:57.027000
30,2021-05-20,BRCYREACNOR7BR00,1,100,23.14,Executed,16:53:57.027000
31,2021-05-20,BRAZULACNPR4BR00,2,100,40.28,Executed,16:53:57.030000
32,2021-05-20,BRGOLLACNPR4BR00,1,100,25.94,Executed,16:53:57.030000
33,2021-05-20,BRGOLLACNPR4BR00,1,100,25.94,Executed,16:53:57.033000
34,2021-05-20,BRGOLLACNPR4BR00,1,100,25.94,Executed,16:53:57.033000
35,2021-05-20,BRALSOACNOR5BR00,2,100,28.84,Executed,16:53:57.037000
36,2021-05-20,BRITSAACNPR7BR00,1,100,10.7899,Executed,16:53:57.060000
37,2021-05-20,BRITSAACNPR7BR00,1,100,10.7899,Executed,16:53:57.070000
38,2021-05-20,BRVALEACNOR0BR00,2,100,110.82,Executed,16:54:00.043000
39,2021-05-20,BRNTCOACNOR5BR00,1,100,50.61,Executed,16:53:57.597000
40,2021-05-20,BRUGPAACNOR8BR00,2,100,19.72,Executed,16:53:58.017000
41,2021-05-20,BRECORACNOR8BR00,2,100,12.39,Executed,16:53:58.020000
42,2021-05-20,BRECORACNOR8BR00,2,100,12.38,Executed,16:53:58.023000
43,2021-05-20,BRECORACNOR8BR00,2,100,12.38,Executed,16:53:58.027000
44,2021-05-20,BRBRMLACNOR9BR00,1,100,11.09,Executed,16:53:58.030000
45,2021-05-20,BRBRDTACNOR1BR00,2,100,25.4,Executed,16:53:58.033000
46,2021-05-20,BRRENTACNOR4BR00,2,100,62.48,Executed,16:53:58.037000
47,2021-05-20,BRBBDCACNPR8BR00,2,100,25.71,Executed,16:53:58.033000
48,2021-05-20,BRTIMSACNOR5BR00,1,100,11.95,Executed,16:53:58.037000
49,2021-05-20,BRNTCOACNOR5BR00,1,100,50.62,Executed,16:54:08.287000
50,2021-05-20,BRPETRACNPR6BR00,1,100,25.8,Executed,16:53:58.037000
51,2021-05-20,BRHAPVACNOR4BR00,1,100,14.99,Executed,16:53:58.037000
52,2021-05-20,BRWEGEACNOR0BR00,2,100,31.82,Executed,16:53:58.047000
53,2021-05-20,BRLCAMACNOR3BR00,2,100,26.32,Executed,16:53:58.047000
54,2021-05-20,BRPETRACNOR9BR00,1,100,25.1,Executed,16:53:58.047000
55,2021-05-20,BRHYPEACNOR0BR00,2,100,35.33,Executed,16:53:58.067000
56,2021-05-20,BRBBASACNOR3BR00,2,100,32.9099,Executed,16:53:58.083000
57,2021-05-20,BRGOAUACNPR8BR00,1,100,15.12,Executed,16:53:58.097000
58,2021-05-20,BRBBASACNOR3BR00,2,100,32.9099,Executed,16:53:58.117000
59,2021-05-20,BRBBASACNOR3BR00,2,100,32.9099,Executed,16:53:59.020000
60,2021-05-20,BRVVARACNOR1BR00,1,100,11.97,Executed,16:53:59.023000
61,2021-05-20,BRCSNAACNOR6BR00,2,100,47.12,Executed,16:53:59.027000
62,2021-05-20,BRITSAACNPR7BR00,1,100,10.7899,Executed,16:53:59.027000
63,2021-05-20,BRCYREACNOR7BR00,1,100,23.15,Executed,16:53:59.030000
64,2021-05-20,BRUSIMACNPA6BR00,2,100,20.23,Executed,16:53:59.033000
65,2021-05-20,BRABEVACNOR1BR00,1,100,17.55,Executed,16:53:59.037000
66,2021-05-20,BRIRBRACNOR4BR00,1,100,6.07,Executed,16:53:59.037000
67,2021-05-20,BRIRBRACNOR4BR00,1,100,6.07,Executed,16:53:59.037000
68,2021-05-20,BRMRFGACNOR0BR00,1,100,19.02,Executed,16:53:59.037000
69,2021-05-20,BRMGLUACNOR2BR00,2,100,18.71,Executed,16:53:59.037000
70,2021-05-20,BRCYREACNOR7BR00,1,100,23.15,Executed,16:53:59.040000
71,2021-05-20,BRMRFGACNOR0BR00,1,100,19.02,Executed,16:53:59.040000
72,2021-05-20,BRMGLUACNOR2BR00,2,100,18.71,Executed,16:53:59.040000
73,2021-05-20,BRUSIMACNPA6BR00,2,100,20.22,Executed,16:53:59.040000
74,2021-05-20,BRRAILACNOR9BR00,1,100,20.28,Executed,16:53:59.043000
75,2021-05-20,BRITUBACNPR1BR00,1,100,29.4,Executed,16:53:59.067000
76,2021-05-20,BRELETACNOR6BR00,1,100,41.52,Executed,16:53:59.083000
77,2021-05-20,BRUSIMACNPA6BR00,2,100,20.22,Executed,16:53:59.110000
78,2021-05-20,BRMULTACNOR5BR00,2,100,25.0799,Executed,16:53:59.123000
79,2021-05-20,BRBBASACNOR3BR00,2,100,32.9099,Executed,16:54:00.020000
80,2021-05-20,BRALPAACNPR7BR00,2,100,45.5,Executed,16:54:58.073000
81,2021-05-20,BRMULTACNOR5BR00,2,100,25.09,Executed,16:54:00.027000
82,2021-05-20,BRVVARACNOR1BR00,1,100,11.97,Executed,16:54:00.030000
83,2021-05-20,BRECORACNOR8BR00,2,100,12.38,Executed,16:54:00.037000
84,2021-05-20,BRCIELACNOR3BR00,1,100,3.92,Executed,16:54:00.037000
85,2021-05-20,BRLCAMACNOR3BR00,2,100,26.33,Executed,16:54:00.037000
86,2021-05-20,BRHYPEACNOR0BR00,2,100,35.32,Executed,16:54:00.037000
87,2021-05-20,BRITSAACNPR7BR00,1,100,10.7899,Executed,16:54:00.040000
88,2021-05-20,BRIRBRACNOR4BR00,1,100,6.07,Executed,16:54:00.043000
89,2021-05-20,BRALSOACNOR5BR00,2,100,28.86,Executed,16:54:02.277000
90,2021-05-20,BREZTCACNOR0BR00,2,100,30.82,Executed,16:54:00.043000
91,2021-05-20,BRVALEACNOR0BR00,2,100,110.83,Executed,16:54:00.047000
92,2021-05-20,BRPETRACNOR9BR00,1,100,25.1,Executed,16:54:00.047000
93,2021-05-20,BRIRBRACNOR4BR00,1,100,6.07,Executed,16:54:00.047000
94,2021-05-20,BRCRFBACNOR2BR00,1,100,20.64,Executed,16:54:00.067000
95,2021-05-20,BRBBDCACNPR8BR00,2,100,25.71,Executed,16:54:00.087000
96,2021-05-20,BRSAPRACNPR6BR00,1,100,4.15,Executed,16:54:00.113000
97,2021-05-20,BRBBDCACNPR8BR00,2,100,25.71,Executed,16:54:00.127000
98,2021-05-20,BRBRAPACNPR2BR00,2,100,70.86,Executed,16:54:01.030000
99,2021-05-20,BRRENTACNOR4BR00,2,100,62.46,Executed,16:54:13.357000
100,2021-05-20,BRLCAMACNOR3BR00,2,100,26.32,Executed,16:54:01.033000
101,2021-05-20,BRBRAPACNPR2BR00,2,100,70.84,Executed,16:54:01.037000
102,2021-05-20,BRBRAPACNPR2BR00,2,100,70.83,Executed,16:54:01.037000
103,2021-05-20,BRPRIOACNOR1BR00,2,100,17.75,Executed,16:54:01.037000
104,2021-05-20,BRENBRACNOR2BR00,1,100,18.67,Executed,16:54:01.037000
105,2021-05-20,BRTENDACNOR4BR00,1,100,24.7,Executed,16:54:01.050000
106,2021-05-20,BRHGTXACNOR9BR00,2,100,29.49,Executed,16:54:03.007000
107,2021-05-20,BRLRENACNOR1BR00,1,100,44.07,Executed,16:54:01.047000
108,2021-05-20,BRLRENACNOR1BR00,1,100,44.07,Executed,16:54:01.047000
109,2021-05-20,BRDIRRACNOR0BR00,1,100,13.32,Executed,16:54:01.063000
110,2021-05-20,BRCYREACNOR7BR00,1,100,23.15,Executed,16:54:01.107000
111,2021-05-20,BRCCROACNOR2BR00,1,100,13.67,Executed,16:54:01.107000
112,2021-05-20,BRBBDCACNOR1BR00,2,100,22.31,Executed,16:54:01.107000
113,2021-05-20,BRBBASACNOR3BR00,2,100,32.9099,Executed,16:54:01.123000
114,2021-05-20,BRBBDCACNPR8BR00,2,100,25.73,Executed,16:54:01.140000
115,2021-05-20,BRMULTACNOR5BR00,2,100,25.09,Executed,16:54:02.030000
116,2021-05-20,BRMULTACNOR5BR00,2,100,25.0799,Executed,16:54:02.033000
117,2021-05-20,BRMULTACNOR5BR00,2,100,25.0799,Executed,16:54:02.033000
118,2021-05-20,BRMULTACNOR5BR00,2,100,25.07,Executed,16:54:02.037000
119,2021-05-20,BRMULTACNOR5BR00,2,100,25.07,Executed,16:54:02.047000
120,2021-05-20,BRBPACUNT006BR00,2,100,119.32,Executed,16:54:02.050000
121,2021-05-20,BRMULTACNOR5BR00,2,100,25.07,Executed,16:54:02.050000
122,2021-05-20,BRIGTAACNOR5BR00,2,100,43.32,Executed,16:54:02.160000
123,2021-05-20,BREZTCACNOR0BR00,2,100,30.82,Executed,16:54:02.053000
124,2021-05-20,BRJHSFACNOR2BR00,1,100,7.6,Executed,16:54:02.053000
125,2021-05-20,BREZTCACNOR0BR00,2,100,30.82,Executed,16:54:02.057000
126,2021-05-20,BREZTCACNOR0BR00,2,100,30.81,Executed,16:54:02.057000
127,2021-05-20,BRBRMLACNOR9BR00,1,100,11.09,Executed,16:54:02.067000
128,2021-05-20,BRMULTACNOR5BR00,2,100,25.07,Executed,16:54:02.107000
129,2021-05-20,BRMULTACNOR5BR00,2,100,25.07,Executed,16:54:02.110000
130,2021-05-20,BRMULTACNOR5BR00,2,100,25.06,Executed,16:54:02.113000
131,2021-05-20,BRCYREACNOR7BR00,1,100,23.15,Executed,16:54:02.397000
132,2021-05-20,BRRAILACNOR9BR00,1,100,20.28,Executed,16:54:02.137000
133,2021-05-20,BRVVARACNOR1BR00,1,100,11.97,Executed,16:54:03.043000
134,2021-05-20,BRVVARACNOR1BR00,1,100,11.97,Executed,16:54:03.043000
135,2021-05-20,BRAZULACNPR4BR00,2,100,40.26,Executed,16:54:03.067000
136,2021-05-20,BRCMIGACNOR6BR00,2,100,15.63,Executed,16:54:03.067000
137,2021-05-20,BRCIELACNOR3BR00,1,100,3.92,Executed,16:54:03.070000
138,2021-05-20,BRCMIGACNPR3BR00,1,100,13.03,Executed,16:54:03.070000
139,2021-05-20,BRCMIGACNOR6BR00,2,100,15.63,Executed,16:54:03.070000
140,2021-05-20,BRCMIGACNOR6BR00,2,100,15.63,Executed,16:54:03.073000
141,2021-05-20,BRSANBCDAM13BR00,1,100,40.89,Executed,16:54:03.073000
142,2021-05-20,BRCMIGACNPR3BR00,1,100,13.03,Executed,16:54:03.077000
143,2021-05-20,BRSANBCDAM13BR00,1,100,40.89,Executed,16:54:03.077000
144,2021-05-20,BRSANBCDAM13BR00,1,100,40.89,Executed,16:54:03.077000
145,2021-05-20,BRLRENACNOR1BR00,1,100,44.08,Executed,16:54:03.077000
146,2021-05-20,BRRADLACNOR0BR00,2,100,26.98,Executed,16:54:03.077000
147,2021-05-20,BRBBASACNOR3BR00,2,100,32.9,Executed,16:54:03.077000
148,2021-05-20,BRRADLACNOR0BR00,2,100,26.98,Executed,16:54:03.120000
149,2021-05-20,BRLRENACNOR1BR00,1,100,44.08,Executed,16:54:03.120000
150,2021-05-20,BRCVCBACNOR1BR00,1,100,23.8299,Executed,16:54:03.120000
151,2021-05-20,BRHAPVACNOR4BR00,1,100,14.99,Executed,16:54:03.147000
152,2021-05-20,BRGNDIACNOR2BR00,2,100,83.45,Executed,16:54:22.330000
153,2021-05-20,BRENEVACNOR8BR00,1,100,16.88,Executed,16:54:04.050000
154,2021-05-20,BRPRIOACNOR1BR00,2,100,17.75,Executed,16:54:04.053000
155,2021-05-20,BRCRFBACNOR2BR00,1,100,20.65,Executed,16:54:04.070000
156,2021-05-20,BRBIDIACNPR0BR00,2,100,61.42,Executed,16:54:04.527000
157,2021-05-20,BRLRENACNOR1BR00,1,100,44.08,Executed,16:54:04.080000
158,2021-05-20,BRVVARACNOR1BR00,1,100,11.97,Executed,16:54:04.087000
159,2021-05-20,BRSBSPACNOR5BR00,2,100,41.46,Executed,16:54:04.090000
160,2021-05-20,BRSBSPACNOR5BR00,2,100,41.46,Executed,16:54:04.110000
161,2021-05-20,BRSAPRACNPR6BR00,1,100,4.15,Executed,16:54:04.113000
162,2021-05-20,BRSBSPACNOR5BR00,2,100,41.46,Executed,16:54:04.117000
163,2021-05-20,BREZTCACNOR0BR00,2,100,30.82,Executed,16:54:04.120000
164,2021-05-20,BREZTCACNOR0BR00,2,100,30.82,Executed,16:54:04.123000
165,2021-05-20,BRUSIMACNPA6BR00,2,100,20.23,Executed,16:54:04.123000
166,2021-05-20,BRMRFGACNOR0BR00,1,100,19.02,Executed,16:54:04.127000
167,2021-05-20,BRMRFGACNOR0BR00,1,100,19.03,Executed,16:54:04.127000
168,2021-05-20,BRPRIOACNOR1BR00,2,100,17.75,Executed,16:54:04.153000
169,2021-05-20,BRRADLACNOR0BR00,2,100,26.97,Executed,16:54:04.160000
170,2021-05-20,BRBRMLACNOR9BR00,1,100,11.08,Executed,16:54:05.053000
171,2021-05-20,BRLRENACNOR1BR00,1,100,44.12,Executed,16:54:05.053000
172,2021-05-20,BRLRENACNOR1BR00,1,100,44.12,Executed,16:54:05.070000
173,2021-05-20,BRLRENACNOR1BR00,1,100,44.12,Executed,16:54:05.073000
174,2021-05-20,BRBRMLACNOR9BR00,1,100,11.08,Executed,16:54:05.077000
175,2021-05-20,BRLRENACNOR1BR00,1,100,44.12,Executed,16:54:05.077000
176,2021-05-20,BRCIELACNOR3BR00,1,100,3.92,Executed,16:54:05.087000
177,2021-05-20,BRMRVEACNOR2BR00,2,100,17.66,Executed,16:54:05.087000
178,2021-05-20,BRENGICDAM16BR00,2,100,45.82,Executed,16:54:05.087000
179,2021-05-20,BRENGICDAM16BR00,2,100,45.81,Executed,16:54:05.090000
180,2021-05-20,BRSBSPACNOR5BR00,2,100,41.46,Executed,16:54:05.120000
181,2021-05-20,BRCMIGACNPR3BR00,1,100,13.03,Executed,16:54:05.117000
182,2021-05-20,BRSBSPACNOR5BR00,2,100,41.46,Executed,16:54:05.133000
183,2021-05-20,BRSBSPACNOR5BR00,2,100,41.46,Executed,16:54:05.140000
184,2021-05-20,BRTAEECDAM10BR00,1,100,39.39,Executed,16:54:05.173000
185,2021-05-20,BRLRENACNOR1BR00,1,100,44.12,Executed,16:54:05.180000
186,2021-05-20,BRVVARACNOR1BR00,1,100,11.97,Executed,16:54:06.063000
187,2021-05-20,BRCRFBACNOR2BR00,1,100,20.65,Executed,16:54:06.063000
188,2021-05-20,BRCRFBACNOR2BR00,1,100,20.65,Executed,16:54:06.077000
189,2021-05-20,BRRADLACNOR0BR00,2,100,27.0,Executed,16:54:06.080000
190,2021-05-20,BRUGPAACNOR8BR00,2,100,19.72,Executed,16:54:06.083000
191,2021-05-20,BRIRBRACNOR4BR00,1,100,6.07,Executed,16:54:06.083000
192,2021-05-20,BRBBDCACNOR1BR00,2,100,22.31,Executed,16:54:06.087000
193,2021-05-20,BRENEVACNOR8BR00,1,100,16.88,Executed,16:54:06.090000
194,2021-05-20,BRBBDCACNOR1BR00,2,100,22.31,Executed,16:54:06.090000
195,2021-05-20,BRENEVACNOR8BR00,1,100,16.9,Executed,16:54:06.093000
196,2021-05-20,BRPETRACNPR6BR00,1,100,25.82,Executed,16:54:06.130000
197,2021-05-20,BRPETRACNOR9BR00,1,100,25.1,Executed,16:54:06.133000
198,2021-05-20,BRECORACNOR8BR00,2,100,12.38,Executed,16:54:06.137000
199,2021-05-20,BRPETRACNOR9BR00,1,100,25.1,Executed,16:54:06.140000
200,2021-05-20,BRPETRACNPR6BR00,1,100,25.82,Executed,16:54:06.143000
201,2021-05-20,BRSBSPACNOR5BR00,2,100,41.47,Executed,16:54:06.153000
202,2021-05-20,BRCSNAACNOR6BR00,2,100,47.13,Executed,16:54:06.150000
203,2021-05-20,BRPETRACNPR6BR00,1,100,25.82,Executed,16:54:06.177000
204,2021-05-20,BRELETACNOR6BR00,1,100,41.52,Executed,16:54:06.183000
205,2021-05-20,BRIRBRACNOR4BR00,1,100,6.07,Executed,16:54:07.070000
206,2021-05-20,BRIGTAACNOR5BR00,2,100,43.34,Executed,16:54:10.787000
207,2021-05-20,BRIRBRACNOR4BR00,1,100,6.07,Executed,16:54:07.080000
208,2021-05-20,BRBRPRACNOR9BR00,1,100,9.24,Executed,16:54:07.087000
209,2021-05-20,BRECORACNOR8BR00,2,100,12.38,Executed,16:54:07.087000
210,2021-05-20,BRECORACNOR8BR00,2,100,12.38,Executed,16:54:07.090000
211,2021-05-20,BRWEGEACNOR0BR00,2,100,31.82,Executed,16:54:07.097000
212,2021-05-20,BRUGPAACNOR8BR00,2,100,19.72,Executed,16:54:07.097000
213,2021-05-20,BRWEGEACNOR0BR00,2,100,31.82,Executed,16:54:07.100000
214,2021-05-20,BRMGLUACNOR2BR00,2,100,18.71,Executed,16:54:07.100000
215,2021-05-20,BRLRENACNOR1BR00,1,100,44.12,Executed,16:54:07.177000
216,2021-05-20,BRLRENACNOR1BR00,1,100,44.13,Executed,16:54:07.177000
217,2021-05-20,BRITSAACNPR7BR00,1,100,10.7899,Executed,16:54:07.187000
218,2021-05-20,BRIRBRACNOR4BR00,1,100,6.07,Executed,16:54:07.187000
219,2021-05-20,BRIRBRACNOR4BR00,1,100,6.07,Executed,16:54:07.187000
220,2021-05-20,BRJHSFACNOR2BR00,1,100,7.6,Executed,16:54:07.187000
221,2021-05-20,BRJHSFACNOR2BR00,1,100,7.6,Executed,16:54:07.193000
222,2021-05-20,BRIRBRACNOR4BR00,1,100,6.07,Executed,16:54:07.193000
223,2021-05-20,BRIRBRACNOR4BR00,1,100,6.07,Executed,16:54:07.197000
224,2021-05-20,BRBRAPACNPR2BR00,2,100,70.85,Executed,16:54:09.067000
225,2021-05-20,BRCSANACNOR6BR00,2,100,22.25,Executed,16:54:08.083000
226,2021-05-20,BRVALEACNOR0BR00,2,100,110.83,Executed,16:54:08.090000
227,2021-05-20,BRCSANACNOR6BR00,2,100,22.25,Executed,16:54:08.117000
228,2021-05-20,BRPETRACNPR6BR00,1,100,25.82,Executed,16:54:08.117000
229,2021-05-20,BRPETRACNPR6BR00,1,100,25.82,Executed,16:54:08.123000
230,2021-05-20,BRCSNAACNOR6BR00,2,100,47.12,Executed,16:54:08.127000
231,2021-05-20,BRCSNAACNOR6BR00,2,100,47.12,Executed,16:54:08.127000
232,2021-05-20,BRPETRACNPR6BR00,1,100,25.81,Executed,16:54:08.137000
233,2021-05-20,BRRAILACNOR9BR00,1,100,20.28,Executed,16:54:08.137000
234,2021-05-20,BRPETRACNOR9BR00,1,100,25.1,Executed,16:54:08.137000
235,2021-05-20,BRLIGTACNOR2BR00,1,100,17.0799,Executed,16:54:08.190000
236,2021-05-20,BRLIGTACNOR2BR00,1,100,17.0799,Executed,16:54:08.190000
237,2021-05-20,BRMRFGACNOR0BR00,1,100,19.03,Executed,16:54:08.203000
238,2021-05-20,BRCSNAACNOR6BR00,2,100,47.12,Executed,16:54:08.227000
239,2021-05-20,BRTIMSACNOR5BR00,1,100,11.95,Executed,16:54:08.237000
240,2021-05-20,BRSBSPACNOR5BR00,2,100,41.46,Executed,16:54:08.237000
241,2021-05-20,BRBIDIACNPR0BR00,2,100,61.41,Executed,16:54:17.263000
242,2021-05-20,BRVALEACNOR0BR00,2,100,110.83,Executed,16:54:08.237000
243,2021-05-20,BRBRAPACNPR2BR00,2,100,70.8,Executed,16:54:09.093000
244,2021-05-20,BRBRAPACNPR2BR00,2,100,70.8,Executed,16:54:09.097000
245,2021-05-20,BRBRAPACNPR2BR00,2,100,70.81,Executed,16:54:09.117000
246,2021-05-20,BRBRAPACNPR2BR00,2,100,70.8,Executed,16:54:09.120000
247,2021-05-20,BRBRAPACNPR2BR00,2,100,70.8,Executed,16:54:09.130000
248,2021-05-20,BRBRDTACNOR1BR00,2,100,25.4,Executed,16:54:09.153000
249,2021-05-20,BRLRENACNOR1BR00,1,100,44.13,Executed,16:54:09.157000
250,2021-05-20,BRLRENACNOR1BR00,1,100,44.13,Executed,16:54:09.157000
251,2021-05-20,BRBRDTACNOR1BR00,2,100,25.39,Executed,16:54:09.157000
252,2021-05-20,BRLRENACNOR1BR00,1,100,44.13,Executed,16:54:09.160000
253,2021-05-20,BRTASAACNPR4BR00,2,100,23.9899,Executed,16:54:09.197000
254,2021-05-20,BRJBSSACNOR8BR00,2,100,30.38,Executed,16:54:09.217000
255,2021-05-20,BRJBSSACNOR8BR00,2,100,30.37,Executed,16:54:09.217000
256,2021-05-20,BRBRAPACNPR2BR00,2,100,70.81,Executed,16:54:09.233000
257,2021-05-20,BRPETRACNOR9BR00,1,100,25.11,Executed,16:54:09.240000
258,2021-05-20,BRLRENACNOR1BR00,1,100,44.13,Executed,16:54:09.243000
259,2021-05-20,BRLRENACNOR1BR00,1,100,44.13,Executed,16:54:09.253000
260,2021-05-20,BRBRDTACNOR1BR00,2,100,25.4,Executed,16:54:09.257000
261,2021-05-20,BRLRENACNOR1BR00,1,100,44.13,Executed,16:54:09.260000
262,2021-05-20,BRBRDTACNOR1BR00,2,100,25.4,Executed,16:54:09.280000
263,2021-05-20,BRUGPAACNOR8BR00,2,100,19.72,Executed,16:54:10.093000
264,2021-05-20,BRTASAACNPR4BR00,2,100,23.9899,Executed,16:54:10.103000
265,2021-05-20,BRCIELACNOR3BR00,1,100,3.92,Executed,16:54:10.127000
266,2021-05-20,BRCRFBACNOR2BR00,1,100,20.65,Executed,16:54:10.130000
267,2021-05-20,BRCMIGACNPR3BR00,1,100,13.03,Executed,16:54:10.133000
268,2021-05-20,BRITSAACNPR7BR00,1,100,10.7899,Executed,16:54:10.157000
269,2021-05-20,BRAALRACNOR6BR00,2,100,11.4,Executed,16:54:10.160000
270,2021-05-20,BRHYPEACNOR0BR00,2,100,35.32,Executed,16:54:10.160000
271,2021-05-20,BRAALRACNOR6BR00,2,100,11.4,Executed,16:54:10.163000
272,2021-05-20,BRCPLEACNOR8BR00,1,100,5.51,Executed,16:54:10.207000
273,2021-05-20,BRPARDACNOR1BR00,1,100,21.09,Executed,16:54:10.220000
274,2021-05-20,BRCPLEACNOR8BR00,1,100,5.51,Executed,16:54:10.223000
275,2021-05-20,BRENATACNOR0BR00,1,100,14.66,Executed,16:54:10.237000
276,2021-05-20,BRENEVACNOR8BR00,1,100,16.9,Executed,16:54:10.243000
277,2021-05-20,BRENEVACNOR8BR00,1,100,16.9,Executed,16:54:10.247000
278,2021-05-20,BRJBSSACNOR8BR00,2,100,30.36,Executed,16:54:10.257000
279,2021-05-20,BRJBSSACNOR8BR00,2,100,30.36,Executed,16:54:10.260000
280,2021-05-20,BRENBRACNOR2BR00,1,100,18.67,Executed,16:54:10.263000
281,2021-05-20,BRJBSSACNOR8BR00,2,100,30.36,Executed,16:54:10.280000
282,2021-05-20,BRABEVACNOR1BR00,1,100,17.54,Executed,16:54:11.110000
283,2021-05-20,BRABEVACNOR1BR00,1,100,17.55,Executed,16:54:11.113000
284,2021-05-20,BRJBSSACNOR8BR00,2,100,30.36,Executed,16:54:11.147000
285,2021-05-20,BRJBSSACNOR8BR00,2,100,30.36,Executed,16:54:11.150000
286,2021-05-20,BRJBSSACNOR8BR00,2,100,30.36,Executed,16:54:11.153000
287,2021-05-20,BRCOGNACNOR2BR00,1,100,3.98,Executed,16:54:11.163000
288,2021-05-20,BRGOAUACNPR8BR00,1,100,15.13,Executed,16:54:11.163000
289,2021-05-20,BRCOGNACNOR2BR00,1,100,3.98,Executed,16:54:11.163000
290,2021-05-20,BRPETRACNPR6BR00,1,100,25.81,Executed,16:54:11.167000
291,2021-05-20,BRJBSSACNOR8BR00,2,100,30.35,Executed,16:54:11.167000
292,2021-05-20,BRGOLLACNPR4BR00,1,100,25.94,Executed,16:54:11.210000
293,2021-05-20,BRBRPRACNOR9BR00,1,100,9.24,Executed,16:54:11.220000
294,2021-05-20,BRRADLACNOR0BR00,2,100,27.0,Executed,16:54:11.227000
295,2021-05-20,BRJBSSACNOR8BR00,2,100,30.37,Executed,16:54:11.240000
296,2021-05-20,BRRAPTACNPR4BR00,1,100,14.85,Executed,16:54:11.247000
297,2021-05-20,BRRAPTACNPR4BR00,1,100,14.86,Executed,16:54:11.247000
298,2021-05-20,BRRAPTACNPR4BR00,1,100,14.86,Executed,16:54:11.257000
299,2021-05-20,BRCYREACNOR7BR00,1,100,23.17,Executed,16:54:11.263000
300,2021-05-20,BRVLIDACNOR5BR00,2,100,9.99,Executed,16:54:11.263000
301,2021-05-20,BRABCBACNPR4BR00,1,100,16.7,Executed,16:54:11.283000
302,2021-05-20,BRNTCOACNOR5BR00,1,100,50.61,Executed,16:54:12.110000
303,2021-05-20,BRCOGNACNOR2BR00,1,100,3.98,Executed,16:54:12.117000
304,2021-05-20,BRNTCOACNOR5BR00,1,100,50.61,Executed,16:54:12.150000
305,2021-05-20,BRNTCOACNOR5BR00,1,100,50.63,Executed,16:54:12.150000
306,2021-05-20,BRITUBACNPR1BR00,1,100,29.42,Executed,16:54:12.163000
307,2021-05-20,BRCIELACNOR3BR00,1,100,3.92,Executed,16:54:12.167000
308,2021-05-20,BRBRPRACNOR9BR00,1,100,9.24,Executed,16:54:12.177000
309,2021-05-20,BRBBASACNOR3BR00,2,100,32.9,Executed,16:54:12.177000
310,2021-05-20,BRGOAUACNPR8BR00,1,100,15.13,Executed,16:54:12.180000
311,2021-05-20,BRMRVEACNOR2BR00,2,100,17.67,Executed,16:54:12.180000
312,2021-05-20,BRVLIDACNOR5BR00,2,100,9.99,Executed,16:54:12.210000
313,2021-05-20,BRSMTOACNOR3BR00,2,100,33.64,Executed,16:54:12.223000
314,2021-05-20,BRBBASACNOR3BR00,2,100,32.9,Executed,16:54:12.233000
315,2021-05-20,BRSULACDAM12BR00,2,100,32.03,Executed,16:54:12.250000
316,2021-05-20,BRSULACDAM12BR00,2,100,32.03,Executed,16:54:12.253000
317,2021-05-20,BRTASAACNPR4BR00,2,100,23.9899,Executed,16:54:12.257000
318,2021-05-20,BRTASAACNPR4BR00,2,100,23.9899,Executed,16:54:12.260000
319,2021-05-20,BREQTLACNOR0BR00,2,100,25.65,Executed,16:54:12.287000
320,2021-05-20,BRTIMSACNOR5BR00,1,100,11.95,Executed,16:54:12.300000
321,2021-05-20,BRLCAMACNOR3BR00,2,100,26.33,Executed,16:54:12.317000
322,2021-05-20,BRMGLUACNOR2BR00,2,100,18.7,Executed,16:54:13.110000
323,2021-05-20,BRMGLUACNOR2BR00,2,100,18.7,Executed,16:54:13.120000
324,2021-05-20,BRPRIOACNOR1BR00,2,100,17.75,Executed,16:54:13.153000
325,2021-05-20,BRPRIOACNOR1BR00,2,100,17.75,Executed,16:54:13.157000
326,2021-05-20,BRVVARACNOR1BR00,1,100,11.96,Executed,16:54:13.183000
327,2021-05-20,BRTOTSACNOR8BR00,2,100,31.72,Executed,16:54:13.190000
328,2021-05-20,BRTOTSACNOR8BR00,2,100,31.72,Executed,16:54:13.193000
329,2021-05-20,BRTUPYACNOR1BR00,2,100,26.35,Executed,16:54:13.193000
330,2021-05-20,BRTOTSACNOR8BR00,2,100,31.72,Executed,16:54:13.197000
331,2021-05-20,BRAZULACNPR4BR00,2,100,40.26,Executed,16:54:13.200000
332,2021-05-20,BRTUPYACNOR1BR00,2,100,26.35,Executed,16:54:13.213000
333,2021-05-20,BRTOTSACNOR8BR00,2,100,31.72,Executed,16:54:13.227000
334,2021-05-20,BRVIVTACNOR0BR00,2,100,43.88,Executed,16:54:13.237000
335,2021-05-20,BRKLBNCDAM18BR00,1,100,26.14,Executed,16:54:13.253000
336,2021-05-20,BREQTLACNOR0BR00,2,100,25.65,Executed,16:54:13.253000
337,2021-05-20,BRTOTSACNOR8BR00,2,100,31.72,Executed,16:54:13.267000
338,2021-05-20,BRCOGNACNOR2BR00,1,100,3.98,Executed,16:54:13.267000
339,2021-05-20,BRBBDCACNOR1BR00,2,100,22.31,Executed,16:54:13.330000
340,2021-05-20,BRTUPYACNOR1BR00,2,100,26.35,Executed,16:54:13.333000
341,2021-05-20,BRCOGNACNOR2BR00,1,100,3.98,Executed,16:54:14.117000
342,2021-05-20,BRCRFBACNOR2BR00,1,100,20.65,Executed,16:54:14.157000
343,2021-05-20,BRCRFBACNOR2BR00,1,100,20.65,Executed,16:54:14.157000
344,2021-05-20,BRAZULACNPR4BR00,2,100,40.25,Executed,16:54:14.173000
345,2021-05-20,BRJBSSACNOR8BR00,2,100,30.36,Executed,16:54:14.190000
346,2021-05-20,BRIRBRACNOR4BR00,1,100,6.07,Executed,16:54:14.197000
347,2021-05-20,BRJBSSACNOR8BR00,2,100,30.36,Executed,16:54:14.203000
348,2021-05-20,BRCSNAACNOR6BR00,2,100,47.09,Executed,16:54:14.203000
349,2021-05-20,BRJBSSACNOR8BR00,2,100,30.36,Executed,16:54:14.217000
350,2021-05-20,BRJBSSACNOR8BR00,2,100,30.36,Executed,16:54:14.217000
351,2021-05-20,BRITUBACNOR4BR00,2,100,26.13,Executed,16:54:14.223000
352,2021-05-20,BRJBSSACNOR8BR00,2,100,30.36,Executed,16:54:14.233000
353,2021-05-20,BRJBSSACNOR8BR00,2,100,30.36,Executed,16:54:14.247000
354,2021-05-20,BRJBSSACNOR8BR00,2,100,30.35,Executed,16:54:14.253000
355,2021-05-20,BRJBSSACNOR8BR00,2,100,30.35,Executed,16:54:14.257000
356,2021-05-20,BRBPACUNT006BR00,2,100,119.33,Executed,16:54:14.270000
357,2021-05-20,BRANIMACNOR6BR00,2,100,12.31,Executed,16:54:14.287000
358,2021-05-20,BRELETACNPB7BR00,1,100,41.26,Executed,16:54:14.330000
359,2021-05-20,BRUSIMACNPA6BR00,2,100,20.23,Executed,16:54:14.343000
360,2021-05-20,BRJBSSACNOR8BR00,2,100,30.35,Executed,16:54:14.357000
361,2021-05-20,BRSULACDAM12BR00,2,100,32.03,Executed,16:54:15.127000
362,2021-05-20,BRBRDTACNOR1BR00,2,100,25.4,Executed,16:54:15.160000
363,2021-05-20,BRENEVACNOR8BR00,1,100,16.9,Executed,16:54:15.160000
364,2021-05-20,BRITUBACNPR1BR00,1,100,29.42,Executed,16:54:15.183000
365,2021-05-20,BRSMTOACNOR3BR00,2,100,33.64,Executed,16:54:15.207000
366,2021-05-20,BRBRPRACNOR9BR00,1,100,9.24,Executed,16:54:15.230000
367,2021-05-20,BRCSNAACNOR6BR00,2,100,47.09,Executed,16:54:15.233000
368,2021-05-20,BRBPACUNT006BR00,2,100,119.33,Executed,16:54:15.237000
369,2021-05-20,BRJBSSACNOR8BR00,2,100,30.35,Executed,16:54:15.247000
370,2021-05-20,BRPETRACNOR9BR00,1,100,25.11,Executed,16:54:15.250000
371,2021-05-20,BRPETRACNOR9BR00,1,100,25.12,Executed,16:54:15.250000
372,2021-05-20,BRJBSSACNOR8BR00,2,100,30.35,Executed,16:54:15.257000
373,2021-05-20,BRBRDTACNOR1BR00,2,100,25.4,Executed,16:54:15.263000
374,2021-05-20,BRPETRACNOR9BR00,1,100,25.12,Executed,16:54:15.263000
375,2021-05-20,BRBRDTACNOR1BR00,2,100,25.4,Executed,16:54:15.267000
376,2021-05-20,BRBRDTACNOR1BR00,2,100,25.4,Executed,16:54:15.287000
377,2021-05-20,BREGIEACNOR9BR00,2,100,40.22,Executed,16:54:15.290000
378,2021-05-20,BRPETRACNOR9BR00,1,100,25.12,Executed,16:54:15.350000
379,2021-05-20,BRPETRACNOR9BR00,1,100,25.12,Executed,16:54:15.350000
380,2021-05-20,BRBRDTACNOR1BR00,2,100,25.4,Executed,16:54:15.367000
381,2021-05-20,BRRAPTACNPR4BR00,1,100,14.86,Executed,16:54:16.127000
382,2021-05-20,BRBTOWACNOR8BR00,2,100,56.87,Executed,16:54:16.167000
383,2021-05-20,BRITSAACNPR7BR00,1,100,10.7899,Executed,16:54:16.197000
384,2021-05-20,BRBRSRACNPB4BR00,1,100,13.15,Executed,16:54:16.210000
385,2021-05-20,BRBRSRACNPB4BR00,1,100,13.14,Executed,16:54:16.217000
386,2021-05-20,BRWEGEACNOR0BR00,2,100,31.8,Executed,16:54:16.240000
387,2021-05-20,BRWEGEACNOR0BR00,2,100,31.8,Executed,16:54:16.243000
388,2021-05-20,BRWEGEACNOR0BR00,2,100,31.8,Executed,16:54:16.253000
389,2021-05-20,BRWEGEACNOR0BR00,2,100,31.79,Executed,16:54:16.253000
390,2021-05-20,BRWEGEACNOR0BR00,2,100,31.79,Executed,16:54:16.257000
391,2021-05-20,BRQUALACNOR6BR00,1,100,26.99,Executed,16:54:16.280000
392,2021-05-20,BRCMIGACNOR6BR00,2,100,15.63,Executed,16:54:16.280000
393,2021-05-20,BRQUALACNOR6BR00,1,100,26.99,Executed,16:54:16.280000
394,2021-05-20,BRROMIACNOR8BR00,1,100,26.54,Executed,16:54:16.283000
395,2021-05-20,BRITSAACNPR7BR00,1,100,10.7899,Executed,16:54:16.323000
396,2021-05-20,BRITSAACNPR7BR00,1,100,10.7899,Executed,16:54:16.327000
397,2021-05-20,BRWEGEACNOR0BR00,2,100,31.79,Executed,16:54:16.357000
398,2021-05-20,BRWEGEACNOR0BR00,2,100,31.79,Executed,16:54:16.360000
399,2021-05-20,BRCIELACNOR3BR00,1,100,3.92,Executed,16:54:16.377000
400,2021-05-20,BRRAPTACNPR4BR00,1,100,14.86,Executed,16:54:17.127000
401,2021-05-20,BRITUBACNOR4BR00,2,100,26.13,Executed,16:54:17.167000
402,2021-05-20,BRWEGEACNOR0BR00,2,100,31.79,Executed,16:54:17.217000
403,2021-05-20,BRWEGEACNOR0BR00,2,100,31.79,Executed,16:54:17.223000
404,2021-05-20,BRWEGEACNOR0BR00,2,100,31.78,Executed,16:54:17.223000
405,2021-05-20,BRPETRACNPR6BR00,1,100,25.81,Executed,16:54:17.243000
406,2021-05-20,BRPETRACNOR9BR00,1,100,25.11,Executed,16:54:17.243000
407,2021-05-20,BRWEGEACNOR0BR00,2,100,31.78,Executed,16:54:17.260000
408,2021-05-20,BRWEGEACNOR0BR00,2,100,31.78,Executed,16:54:17.263000
409,2021-05-20,BRBIDIACNPR0BR00,2,100,61.38,Executed,16:54:22.997000
410,2021-05-20,BRANIMACNOR6BR00,2,100,12.31,Executed,16:54:17.287000
411,2021-05-20,BRSAPRCDAM13BR00,1,100,20.53,Executed,16:54:17.293000
412,2021-05-20,BRSAPRACNPR6BR00,1,100,4.15,Executed,16:54:17.297000
413,2021-05-20,BRITUBACNOR4BR00,2,100,26.13,Executed,16:54:17.320000
414,2021-05-20,BRPETRACNPR6BR00,1,100,25.81,Executed,16:54:17.377000
415,2021-05-20,BRPETRACNOR9BR00,1,100,25.11,Executed,16:54:17.377000
416,2021-05-20,BRITUBACNPR1BR00,1,100,29.42,Executed,16:54:17.383000
417,2021-05-20,BRSANBCDAM13BR00,1,100,40.9099,Executed,16:54:17.383000
418,2021-05-20,BRBBDCACNPR8BR00,2,100,25.69,Executed,16:54:17.387000
419,2021-05-20,BRABEVACNOR1BR00,1,100,17.55,Executed,16:54:18.207000
420,2021-05-20,BRVVARACNOR1BR00,1,100,11.96,Executed,16:54:18.213000
421,2021-05-20,BRBBDCACNPR8BR00,2,100,25.69,Executed,16:54:18.247000
422,2021-05-20,BRMOVIACNOR0BR00,2,100,17.75,Executed,16:54:18.247000
423,2021-05-20,BRBBDCACNOR1BR00,2,100,22.3,Executed,16:54:18.247000
424,2021-05-20,BRITUBACNPR1BR00,1,100,29.42,Executed,16:54:18.250000
425,2021-05-20,BRBEEFACNOR6BR00,1,100,9.6,Executed,16:54:18.263000
426,2021-05-20,BRDIRRACNOR0BR00,1,100,13.32,Executed,16:54:18.320000
427,2021-05-20,BRPETRACNPR6BR00,1,100,25.81,Executed,16:54:18.350000
428,2021-05-20,BRBTOWACNOR8BR00,2,100,56.87,Executed,16:54:18.350000
429,2021-05-20,BRPETRACNOR9BR00,1,100,25.11,Executed,16:54:18.353000
430,2021-05-20,BRPETRACNOR9BR00,1,100,25.11,Executed,16:54:18.357000
431,2021-05-20,BRPETRACNPR6BR00,1,100,25.81,Executed,16:54:18.357000
432,2021-05-20,BRVVARACNOR1BR00,1,100,11.96,Executed,16:54:18.357000
433,2021-05-20,BRBTOWACNOR8BR00,2,100,56.87,Executed,16:54:18.453000
434,2021-05-20,BRBTOWACNOR8BR00,2,100,56.87,Executed,16:54:18.453000
435,2021-05-20,BRBBASACNOR3BR00,2,100,32.9,Executed,16:54:18.463000
436,2021-05-20,BRBBASACNOR3BR00,2,100,32.9,Executed,16:54:18.463000
437,2021-05-20,BRMRVEACNOR2BR00,2,100,17.66,Executed,16:54:18.467000
438,2021-05-20,BRCOGNACNOR2BR00,1,100,3.98,Executed,16:54:19.207000
439,2021-05-20,BRCIELACNOR3BR00,1,100,3.92,Executed,16:54:19.233000
440,2021-05-20,BRCOGNACNOR2BR00,1,100,3.98,Executed,16:54:19.260000
441,2021-05-20,BRITUBACNPR1BR00,1,100,29.42,Executed,16:54:19.277000
442,2021-05-20,BRITUBACNPR1BR00,1,100,29.42,Executed,16:54:19.277000
443,2021-05-20,BRITSAACNPR7BR00,1,100,10.7899,Executed,16:54:19.280000
444,2021-05-20,BRITSAACNPR7BR00,1,100,10.7899,Executed,16:54:19.283000
445,2021-05-20,BRELETACNPB7BR00,1,100,41.27,Executed,16:54:19.287000
446,2021-05-20,BRVVARACNOR1BR00,1,100,11.96,Executed,16:54:19.327000
447,2021-05-20,BRPETRACNPR6BR00,1,100,25.81,Executed,16:54:19.367000
448,2021-05-20,BRPETRACNOR9BR00,1,100,25.11,Executed,16:54:19.367000
449,2021-05-20,BRPETRACNOR9BR00,1,100,25.11,Executed,16:54:19.367000
450,2021-05-20,BRPETRACNOR9BR00,1,100,25.11,Executed,16:54:19.380000
451,2021-05-20,BRSMTOACNOR3BR00,2,100,33.62,Executed,16:54:19.410000
452,2021-05-20,BRCOGNACNOR2BR00,1,100,3.98,Executed,16:54:19.410000
453,2021-05-20,BRBBDCACNOR1BR00,2,100,22.3,Executed,16:54:19.473000
454,2021-05-20,BRBBDCACNOR1BR00,2,100,22.3,Executed,16:54:19.473000
455,2021-05-20,BRBBDCACNOR1BR00,2,100,22.3,Executed,16:54:19.497000
456,2021-05-20,BRLIGTACNOR2BR00,1,100,17.0799,Executed,16:54:19.500000
457,2021-05-20,BRLIGTACNOR2BR00,1,100,17.09,Executed,16:54:19.503000
458,2021-05-20,BRJHSFACNOR2BR00,1,100,7.6,Executed,16:54:20.207000
459,2021-05-20,BRENEVACNOR8BR00,1,100,16.9,Executed,16:54:20.237000
460,2021-05-20,BRABEVACNOR1BR00,1,100,17.55,Executed,16:54:20.273000
461,2021-05-20,BRRADLACNOR0BR00,2,100,27.0,Executed,16:54:20.277000
462,2021-05-20,BRJHSFACNOR2BR00,1,100,7.6,Executed,16:54:20.280000
463,2021-05-20,BRBRDTACNOR1BR00,2,100,25.4,Executed,16:54:20.300000
464,2021-05-20,BRBRDTACNOR1BR00,2,100,25.4,Executed,16:54:20.300000
465,2021-05-20,BRBRDTACNOR1BR00,2,100,25.4,Executed,16:54:20.303000
466,2021-05-20,BRBRAPACNPR2BR00,2,100,70.85,Executed,16:54:20.340000
467,2021-05-20,BRCSNAACNOR6BR00,2,100,47.11,Executed,16:54:20.397000
468,2021-05-20,BRCSNAACNOR6BR00,2,100,47.1,Executed,16:54:20.400000
469,2021-05-20,BRGUARACNOR4BR00,1,100,19.27,Executed,16:54:27.947000
470,2021-05-20,BRTIMSACNOR5BR00,1,100,11.95,Executed,16:54:20.403000
471,2021-05-20,BRPETRACNOR9BR00,1,100,25.11,Executed,16:54:20.417000
472,2021-05-20,BRUGPAACNOR8BR00,2,100,19.72,Executed,16:54:20.423000
473,2021-05-20,BRPRIOACNOR1BR00,2,100,17.75,Executed,16:54:20.480000
474,2021-05-20,BRCIELACNOR3BR00,1,100,3.92,Executed,16:54:20.487000
475,2021-05-20,BRITSAACNPR7BR00,1,100,10.7899,Executed,16:54:20.527000
476,2021-05-20,BRSAPRACNPR6BR00,1,100,4.15,Executed,16:54:20.527000
477,2021-05-20,BRTIMSACNOR5BR00,1,100,11.95,Executed,16:54:20.533000
478,2021-05-20,BRAZULACNPR4BR00,2,100,40.25,Executed,16:54:21.210000
479,2021-05-20,BRB3SAACNOR6BR00,1,100,17.28,Executed,16:54:21.310000
480,2021-05-20,BRCMIGACNPR3BR00,1,100,13.03,Executed,16:54:21.317000
481,2021-05-20,BRCIELACNOR3BR00,1,100,3.92,Executed,16:54:21.320000
482,2021-05-20,BRHYPEACNOR0BR00,2,100,35.31,Executed,16:54:21.320000
483,2021-05-20,BRLAMEACNPR6BR00,1,100,18.84,Executed,16:54:21.323000
484,2021-05-20,BRABEVACNOR1BR00,1,100,17.55,Executed,16:54:21.323000
485,2021-05-20,BRCSANACNOR6BR00,2,100,22.25,Executed,16:54:21.323000
486,2021-05-20,BRBRDTACNOR1BR00,2,100,25.4,Executed,16:54:21.343000
487,2021-05-20,BREMBRACNOR4BR00,1,100,16.15,Executed,16:54:21.417000
488,2021-05-20,BRTAEECDAM10BR00,1,100,39.4,Executed,16:54:21.433000
489,2021-05-20,BRCPFEACNOR0BR00,2,100,28.8,Executed,16:54:21.433000
490,2021-05-20,BRTAEECDAM10BR00,1,100,39.4,Executed,16:54:21.437000
491,2021-05-20,BRCPFEACNOR0BR00,2,100,28.79,Executed,16:54:21.437000
492,2021-05-20,BRCSNAACNOR6BR00,2,100,47.1,Executed,16:54:21.440000
493,2021-05-20,BRMGLUACNOR2BR00,2,100,18.7,Executed,16:54:21.483000
494,2021-05-20,BRTUPYACNOR1BR00,2,100,26.35,Executed,16:54:21.487000
495,2021-05-20,BRRADLACNOR0BR00,2,100,27.0,Executed,16:54:21.550000
496,2021-05-20,BRBRDTACNOR1BR00,2,100,25.4,Executed,16:54:21.550000
497,2021-05-20,BRRADLACNOR0BR00,2,100,27.0,Executed,16:54:21.550000
498,2021-05-20,BRGOAUACNPR8BR00,1,100,15.13,Executed,16:54:22.223000
499,2021-05-20,BRMRVEACNOR2BR00,2,100,17.66,Executed,16:54:22.317000
500,2021-05-20,BRHAPVACNOR4BR00,1,100,14.99,Executed,16:54:22.327000
501,2021-05-20,BRGNDIACNOR2BR00,2,100,83.45,Executed,16:54:22.330000
502,2021-05-20,BRRENTACNOR4BR00,2,100,62.49,Executed,16:54:22.357000
503,2021-05-20,BRRAPTACNPR4BR00,1,100,14.86,Executed,16:54:22.423000
504,2021-05-20,BRHAPVACNOR4BR00,1,100,14.99,Executed,16:54:22.443000
505,2021-05-20,BRRAPTACNPR4BR00,1,100,14.86,Executed,16:54:22.450000
506,2021-05-20,BRRADLACNOR0BR00,2,100,27.0,Executed,16:54:22.450000
507,2021-05-20,BRCMIGACNPR3BR00,1,100,13.03,Executed,16:54:22.450000
508,2021-05-20,BRCSNAACNOR6BR00,2,100,47.1,Executed,16:54:22.450000
509,2021-05-20,BRMGLUACNOR2BR00,2,100,18.7,Executed,16:54:22.493000
510,2021-05-20,BRITSAACNPR7BR00,1,100,10.7899,Executed,16:54:22.493000
511,2021-05-20,BRCMIGACNPR3BR00,1,100,13.03,Executed,16:54:22.550000
512,2021-05-20,BRCSNAACNOR6BR00,2,100,47.1,Executed,16:54:22.553000
513,2021-05-20,BRCSNAACNOR6BR00,2,100,47.1,Executed,16:54:22.553000
514,2021-05-20,BRFLRYACNOR5BR00,2,100,27.5,Executed,16:54:23.227000
515,2021-05-20,BREMBRACNOR4BR00,1,100,16.15,Executed,16:54:23.320000
516,2021-05-20,BRTUPYACNOR1BR00,2,100,26.35,Executed,16:54:23.353000
517,2021-05-20,BRLAMEACNPR6BR00,1,100,18.84,Executed,16:54:23.367000
518,2021-05-20,BRBEEFACNOR6BR00,1,100,9.6,Executed,16:54:23.373000
519,2021-05-20,BRABEVACNOR1BR00,1,100,17.55,Executed,16:54:23.387000
520,2021-05-20,BRRADLACNOR0BR00,2,100,27.0,Executed,16:54:23.387000
521,2021-05-20,BRITUBACNPR1BR00,1,100,29.42,Executed,16:54:23.387000
522,2021-05-20,BRRADLACNOR0BR00,2,100,27.0,Executed,16:54:23.387000
523,2021-05-20,BRENBRACNOR2BR00,1,100,18.65,Executed,16:54:23.440000
524,2021-05-20,BRBBASACNOR3BR00,2,100,32.9,Executed,16:54:23.447000
525,2021-05-20,BRBBASACNOR3BR00,2,100,32.89,Executed,16:54:23.450000
526,2021-05-20,BRITUBACNPR1BR00,1,100,29.42,Executed,16:54:23.453000
527,2021-05-20,BRBBASACNOR3BR00,2,100,32.89,Executed,16:54:23.453000
528,2021-05-20,BRPETRACNPR6BR00,1,100,25.8,Executed,16:54:23.453000
529,2021-05-20,BRHAPVACNOR4BR00,1,100,14.99,Executed,16:54:23.493000
530,2021-05-20,BRLCAMACNOR3BR00,2,100,26.33,Executed,16:54:23.493000
531,2021-05-20,BRTIMSACNOR5BR00,1,100,11.95,Executed,16:54:23.560000
532,2021-05-20,BRMULTACNOR5BR00,2,100,25.0799,Executed,16:54:23.583000
533,2021-05-20,BRLAMEACNPR6BR00,1,100,18.84,Executed,16:54:23.593000
534,2021-05-20,BRB3SAACNOR6BR00,1,100,17.28,Executed,16:54:24.247000
535,2021-05-20,BRTUPYACNOR1BR00,2,100,26.35,Executed,16:54:24.333000
536,2021-05-20,BRLAMEACNPR6BR00,1,100,18.84,Executed,16:54:24.370000
537,2021-05-20,BRRAILACNOR9BR00,1,100,20.28,Executed,16:54:24.403000
538,2021-05-20,BRLAMEACNPR6BR00,1,100,18.84,Executed,16:54:24.410000
539,2021-05-20,BRBEEFACNOR6BR00,1,100,9.6,Executed,16:54:24.447000
540,2021-05-20,BRBBASACNOR3BR00,2,100,32.89,Executed,16:54:24.447000
541,2021-05-20,BRTIMSACNOR5BR00,1,100,11.95,Executed,16:54:24.447000
542,2021-05-20,BRSANBCDAM13BR00,1,100,40.9099,Executed,16:54:24.447000
543,2021-05-20,BRSANBCDAM13BR00,1,100,40.9099,Executed,16:54:24.460000
544,2021-05-20,BRSANBCDAM13BR00,1,100,40.9099,Executed,16:54:24.460000
545,2021-05-20,BRSANBCDAM13BR00,1,100,40.92,Executed,16:54:24.463000
546,2021-05-20,BRB3SAACNOR6BR00,1,100,17.28,Executed,16:54:24.463000
547,2021-05-20,BRPETRACNPR6BR00,1,100,25.8,Executed,16:54:24.520000
548,2021-05-20,BRPETRACNOR9BR00,1,100,25.11,Executed,16:54:24.523000
549,2021-05-20,BRPETRACNPR6BR00,1,100,25.8,Executed,16:54:24.523000
550,2021-05-20,BRPETRACNOR9BR00,1,100,25.11,Executed,16:54:24.527000
551,2021-05-20,BRRAILACNOR9BR00,1,100,20.28,Executed,16:54:24.563000
552,2021-05-20,BRTIMSACNOR5BR00,1,100,11.95,Executed,16:54:24.590000
553,2021-05-20,BRENBRACNOR2BR00,1,100,18.66,Executed,16:54:24.603000
554,2021-05-20,BRVVARACNOR1BR00,1,100,11.96,Executed,16:54:25.253000
555,2021-05-20,BRPETRACNPR6BR00,1,100,25.8,Executed,16:54:25.347000
556,2021-05-20,BRCRFBACNOR2BR00,1,100,20.6,Executed,16:54:25.407000
557,2021-05-20,BRPETRACNPR6BR00,1,100,25.8,Executed,16:54:25.410000
558,2021-05-20,BRQUALACNOR6BR00,1,100,27.0,Executed,16:54:25.413000
559,2021-05-20,BRPETRACNPR6BR00,1,100,25.8,Executed,16:54:25.453000
560,2021-05-20,BRBIDIACNPR0BR00,2,100,61.34,Executed,16:54:25.460000
561,2021-05-20,BRBIDIACNPR0BR00,2,100,61.34,Executed,16:54:25.460000
562,2021-05-20,BRCRFBACNOR2BR00,1,100,20.6,Executed,16:54:25.463000
563,2021-05-20,BRABCBACNPR4BR00,1,100,16.7,Executed,16:54:25.493000
564,2021-05-20,BRELETACNPB7BR00,1,100,41.27,Executed,16:54:25.500000
565,2021-05-20,BRTUPYACNOR1BR00,2,100,26.35,Executed,16:54:25.503000
566,2021-05-20,BRELETACNPB7BR00,1,100,41.28,Executed,16:54:25.503000
567,2021-05-20,BRBPACUNT006BR00,2,100,119.32,Executed,16:54:25.527000
568,2021-05-20,BRBPACUNT006BR00,2,100,119.32,Executed,16:54:25.530000
569,2021-05-20,BRBIDIACNPR0BR00,2,100,61.35,Executed,16:54:25.573000
570,2021-05-20,BRMGLUACNOR2BR00,2,100,18.7,Executed,16:54:25.597000
571,2021-05-20,BRBRMLACNOR9BR00,1,100,11.09,Executed,16:54:25.627000
572,2021-05-20,BRUGPAACNOR8BR00,2,100,19.72,Executed,16:54:26.270000
573,2021-05-20,BRBTOWACNOR8BR00,2,100,56.88,Executed,16:54:26.347000
574,2021-05-20,BRHYPEACNOR0BR00,2,100,35.31,Executed,16:54:26.413000
575,2021-05-20,BRGOAUACNPR8BR00,1,100,15.13,Executed,16:54:26.433000
576,2021-05-20,BRABEVACNOR1BR00,1,100,17.55,Executed,16:54:26.437000
577,2021-05-20,BREGIEACNOR9BR00,2,100,40.22,Executed,16:54:26.493000
578,2021-05-20,BRQUALACNOR6BR00,1,100,26.99,Executed,16:54:26.533000
579,2021-05-20,BRQUALACNOR6BR00,1,100,27.0,Executed,16:54:26.533000
580,2021-05-20,BRQUALACNOR6BR00,1,100,27.0,Executed,16:54:26.537000
581,2021-05-20,BRQUALACNOR6BR00,1,100,27.0,Executed,16:54:26.537000
582,2021-05-20,BRQUALACNOR6BR00,1,100,27.0,Executed,16:54:26.547000
583,2021-05-20,BRCYREACNOR7BR00,1,100,23.17,Executed,16:54:26.560000
584,2021-05-20,BRCYREACNOR7BR00,1,100,23.17,Executed,16:54:26.563000
585,2021-05-20,BRTASAACNPR4BR00,2,100,24.0,Executed,16:54:26.567000
586,2021-05-20,BRBRMLACNOR9BR00,1,100,11.09,Executed,16:54:26.567000
587,2021-05-20,BRRAPTACNPR4BR00,1,100,14.87,Executed,16:54:26.613000
588,2021-05-20,BRB3SAACNOR6BR00,1,100,17.28,Executed,16:54:26.617000
589,2021-05-20,BRCCROACNOR2BR00,1,100,13.67,Executed,16:54:26.620000
590,2021-05-20,BRCCROACNOR2BR00,1,100,13.67,Executed,16:54:26.620000
591,2021-05-20,BRQUALACNOR6BR00,1,100,27.0,Executed,16:54:26.640000
592,2021-05-20,BRCCROACNOR2BR00,1,100,13.67,Executed,16:54:27.287000
593,2021-05-20,BRECORACNOR8BR00,2,100,12.38,Executed,16:54:27.347000
594,2021-05-20,BRIRBRACNOR4BR00,1,100,6.07,Executed,16:54:27.417000
595,2021-05-20,BRBEEFACNOR6BR00,1,100,9.6,Executed,16:54:27.467000
596,2021-05-20,BRELETACNOR6BR00,1,100,41.51,Executed,16:54:27.467000
597,2021-05-20,BRBBASACNOR3BR00,2,100,32.89,Executed,16:54:27.500000
598,2021-05-20,BRBBSEACNOR5BR00,2,100,23.52,Executed,16:54:27.533000
599,2021-05-20,BRECORACNOR8BR00,2,100,12.38,Executed,16:54:27.543000
600,2021-05-20,BRRADLACNOR0BR00,2,100,27.0,Executed,16:54:27.567000
601,2021-05-20,BRELETACNOR6BR00,1,100,41.51,Executed,16:54:27.567000
602,2021-05-20,BRRENTACNOR4BR00,2,100,62.5,Executed,16:54:27.567000
603,2021-05-20,BRBTOWACNOR8BR00,2,100,56.88,Executed,16:54:27.567000
604,2021-05-20,BRENBRACNOR2BR00,1,100,18.66,Executed,16:54:27.567000
605,2021-05-20,BRQUALACNOR6BR00,1,100,27.0,Executed,16:54:27.567000
606,2021-05-20,BRRENTACNOR4BR00,2,100,62.49,Executed,16:54:27.570000
607,2021-05-20,BRVIVTACNOR0BR00,2,100,43.86,Executed,16:54:27.643000
608,2021-05-20,BRBTOWACNOR8BR00,2,100,56.88,Executed,16:54:27.643000
609,2021-05-20,BREMBRACNOR4BR00,1,100,16.15,Executed,16:54:27.650000
610,2021-05-20,BREMBRACNOR4BR00,1,100,16.15,Executed,16:54:27.653000
611,2021-05-20,BRCPFEACNOR0BR00,2,100,28.79,Executed,16:54:27.653000
612,2021-05-20,BRELETACNOR6BR00,1,100,41.51,Executed,16:54:28.290000
613,2021-05-20,BRCPLEACNOR8BR00,1,100,5.51,Executed,16:54:28.353000
614,2021-05-20,BRLINXACNOR0BR00,2,100,37.17,Executed,16:54:28.423000
615,2021-05-20,BRVVARACNOR1BR00,1,100,11.96,Executed,16:54:28.493000
616,2021-05-20,BRENGICDAM16BR00,2,100,45.75,Executed,16:54:28.493000
617,2021-05-20,BRCPFEACNOR0BR00,2,100,28.78,Executed,16:54:28.500000
618,2021-05-20,BRELETACNOR6BR00,1,100,41.51,Executed,16:54:28.547000
619,2021-05-20,BRCMIGACNPR3BR00,1,100,13.03,Executed,16:54:28.550000
620,2021-05-20,BRB3SAACNOR6BR00,1,100,17.28,Executed,16:54:28.583000
621,2021-05-20,BRBBASACNOR3BR00,2,100,32.89,Executed,16:54:28.603000
622,2021-05-20,BRITSAACNPR7BR00,1,100,10.7899,Executed,16:54:28.603000
623,2021-05-20,BRBBASACNOR3BR00,2,100,32.89,Executed,16:54:28.603000
624,2021-05-20,BRRENTACNOR4BR00,2,100,62.49,Executed,16:54:28.623000
625,2021-05-20,BRRENTACNOR4BR00,2,100,62.49,Executed,16:54:28.627000
626,2021-05-20,BRBRMLACNOR9BR00,1,100,11.08,Executed,16:54:28.630000
627,2021-05-20,BRBTOWACNOR8BR00,2,100,56.8,Executed,16:54:28.657000
628,2021-05-20,BRLAMEACNOR9BR00,1,100,17.66,Executed,16:54:28.657000
629,2021-05-20,BRLAMEACNPR6BR00,1,100,18.84,Executed,16:54:28.657000
630,2021-05-20,BRMGLUACNOR2BR00,2,100,18.7,Executed,16:54:28.657000
631,2021-05-20,BRITUBACNPR1BR00,1,100,29.42,Executed,16:54:29.303000
632,2021-05-20,BRCSNAACNOR6BR00,2,100,47.09,Executed,16:54:29.360000
633,2021-05-20,BRDIRRACNOR0BR00,1,100,13.32,Executed,16:54:29.433000
634,2021-05-20,BRCRFBACNOR2BR00,1,100,20.6,Executed,16:54:29.497000
635,2021-05-20,BRENEVACNOR8BR00,1,100,16.9,Executed,16:54:29.500000
636,2021-05-20,BRSANBCDAM13BR00,1,100,40.9099,Executed,16:54:29.507000
637,2021-05-20,BRCESPACNPB4BR00,2,100,24.95,Executed,16:54:29.553000
638,2021-05-20,BRWIZSACNOR1BR00,2,100,12.42,Executed,16:54:29.560000
639,2021-05-20,BRABEVACNOR1BR00,1,100,17.55,Executed,16:54:29.587000
640,2021-05-20,BRCRFBACNOR2BR00,1,100,20.6,Executed,16:54:29.610000
641,2021-05-20,BRBRMLACNOR9BR00,1,100,11.08,Executed,16:54:29.620000
642,2021-05-20,BRMRVEACNOR2BR00,2,100,17.64,Executed,16:54:29.630000
643,2021-05-20,BRBRMLACNOR9BR00,1,100,11.08,Executed,16:54:29.633000
644,2021-05-20,BRCPFEACNOR0BR00,2,100,28.78,Executed,16:54:29.637000
645,2021-05-20,BRENGICDAM16BR00,2,100,45.75,Executed,16:54:29.640000
646,2021-05-20,BRCSANACNOR6BR00,2,100,22.25,Executed,16:54:29.667000
647,2021-05-20,BRCRFBACNOR2BR00,1,100,20.6,Executed,16:54:29.677000
648,2021-05-20,BRHAPVACNOR4BR00,1,100,14.99,Executed,16:54:29.677000
649,2021-05-20,BRCRFBACNOR2BR00,1,100,20.6,Executed,16:54:29.677000
650,2021-05-20,BREQTLACNOR0BR00,2,100,25.63,Executed,16:54:29.690000
651,2021-05-20,BRLAMEACNPR6BR00,1,100,18.84,Executed,16:54:30.320000
652,2021-05-20,BRGNDIACNOR2BR00,2,100,83.59,Executed,16:54:33.230000
653,2021-05-20,BRRAPTACNPR4BR00,1,100,14.87,Executed,16:54:30.450000
654,2021-05-20,BRCSNAACNOR6BR00,2,100,47.09,Executed,16:54:30.517000
655,2021-05-20,BRCCROACNOR2BR00,1,100,13.67,Executed,16:54:30.517000
656,2021-05-20,BRRAILACNOR9BR00,1,100,20.28,Executed,16:54:30.517000
657,2021-05-20,BRUGPAACNOR8BR00,2,100,19.72,Executed,16:54:30.587000
658,2021-05-20,BRUGPAACNOR8BR00,2,100,19.72,Executed,16:54:30.587000
659,2021-05-20,BRSULACDAM12BR00,2,100,32.03,Executed,16:54:30.603000
660,2021-05-20,BRBPACUNT006BR00,2,100,119.34,Executed,16:54:30.627000
661,2021-05-20,BRBPACUNT006BR00,2,100,119.34,Executed,16:54:30.627000
662,2021-05-20,BRBRMLACNOR9BR00,1,100,11.09,Executed,16:54:30.637000
663,2021-05-20,BRCYREACNOR7BR00,1,100,23.16,Executed,16:54:30.653000
664,2021-05-20,BREZTCACNOR0BR00,2,100,30.8,Executed,16:54:30.657000
665,2021-05-20,BRCYREACNOR7BR00,1,100,23.16,Executed,16:54:30.657000
666,2021-05-20,BRUGPAACNOR8BR00,2,100,19.72,Executed,16:54:30.700000
667,2021-05-20,BRGOAUACNPR8BR00,1,100,15.13,Executed,16:54:30.723000
668,2021-05-20,BRBPACUNT006BR00,2,100,119.34,Executed,16:54:30.737000
669,2021-05-20,BRBPACUNT006BR00,2,100,119.36,Executed,16:54:30.737000
670,2021-05-20,BRLINXACNOR0BR00,2,100,37.18,Executed,16:54:30.740000
671,2021-05-20,BRITUBACNOR4BR00,2,100,26.13,Executed,16:54:31.320000
672,2021-05-20,BRCMIGACNPR3BR00,1,100,13.03,Executed,16:54:31.377000
673,2021-05-20,BRITSAACNPR7BR00,1,100,10.7899,Executed,16:54:31.453000
674,2021-05-20,BRAZULACNPR4BR00,2,100,40.25,Executed,16:54:31.520000
675,2021-05-20,BRAZULACNPR4BR00,2,100,40.25,Executed,16:54:31.520000
676,2021-05-20,BRAZULACNPR4BR00,2,100,40.25,Executed,16:54:31.530000
677,2021-05-20,BRBRMLACNOR9BR00,1,100,11.09,Executed,16:54:31.600000
678,2021-05-20,BRMULTACNOR5BR00,2,100,25.07,Executed,16:54:31.600000
679,2021-05-20,BRBRMLACNOR9BR00,1,100,11.09,Executed,16:54:31.603000
680,2021-05-20,BRVIVTACNOR0BR00,2,100,43.86,Executed,16:54:31.640000
681,2021-05-20,BRELETACNOR6BR00,1,100,41.51,Executed,16:54:31.670000
682,2021-05-20,BRBRMLACNOR9BR00,1,100,11.09,Executed,16:54:31.670000
683,2021-05-20,BRELETACNOR6BR00,1,100,41.51,Executed,16:54:31.673000
684,2021-05-20,BRAZULACNPR4BR00,2,100,40.25,Executed,16:54:31.673000
685,2021-05-20,BRALSOACNOR5BR00,2,100,28.85,Executed,16:54:31.703000
686,2021-05-20,BRWIZSACNOR1BR00,2,100,12.41,Executed,16:54:31.733000
687,2021-05-20,BRMULTACNOR5BR00,2,100,25.07,Executed,16:54:31.740000
688,2021-05-20,BRMULTACNOR5BR00,2,100,25.07,Executed,16:54:31.743000
689,2021-05-20,BRVIVTACNOR0BR00,2,100,43.86,Executed,16:54:31.807000
690,2021-05-20,BRAZULACNPR4BR00,2,100,40.25,Executed,16:54:31.840000
691,2021-05-20,BRVVARACNOR1BR00,1,100,11.96,Executed,16:54:32.400000
692,2021-05-20,BRBBDCACNPR8BR00,2,100,25.69,Executed,16:54:32.457000
693,2021-05-20,BRTIMSACNOR5BR00,1,100,11.95,Executed,16:54:32.533000
694,2021-05-20,BRTIMSACNOR5BR00,1,100,11.95,Executed,16:54:32.533000
695,2021-05-20,BRTIMSACNOR5BR00,1,100,11.95,Executed,16:54:32.537000
696,2021-05-20,BRBBASACNOR3BR00,2,100,32.89,Executed,16:54:32.607000
697,2021-05-20,BRALUPCDAM15BR00,1,100,26.72,Executed,16:54:32.630000
698,2021-05-20,BRALUPCDAM15BR00,1,100,26.72,Executed,16:54:32.633000
699,2021-05-20,BRALUPCDAM15BR00,1,100,26.72,Executed,16:54:32.647000
700,2021-05-20,BRBBASACNOR3BR00,2,100,32.9,Executed,16:54:32.700000
701,2021-05-20,BRAZULACNPR4BR00,2,100,40.25,Executed,16:54:32.727000
702,2021-05-20,BRENEVACNOR8BR00,1,100,16.9,Executed,16:54:32.737000
703,2021-05-20,BRSAPRCDAM13BR00,1,100,20.53,Executed,16:54:32.750000
704,2021-05-20,BRCPLEACNOR8BR00,1,100,5.51,Executed,16:54:32.753000
705,2021-05-20,BRMGLUACNOR2BR00,2,100,18.71,Executed,16:54:32.810000
706,2021-05-20,BRBIDIACNPR0BR00,2,100,61.35,Executed,16:54:32.873000
707,2021-05-20,BRITSAACNPR7BR00,1,100,10.7899,Executed,16:54:33.337000
708,2021-05-20,BRMGLUACNOR2BR00,2,100,18.7,Executed,16:54:33.407000
709,2021-05-20,BRSULACDAM12BR00,2,100,32.0,Executed,16:54:33.467000
710,2021-05-20,BRLAMEACNPR6BR00,1,100,18.84,Executed,16:54:33.547000
711,2021-05-20,BRCSNAACNOR6BR00,2,100,47.09,Executed,16:54:33.563000
712,2021-05-20,BRITUBACNOR4BR00,2,100,26.13,Executed,16:54:33.570000
713,2021-05-20,BRCSNAACNOR6BR00,2,100,47.09,Executed,16:54:33.607000
714,2021-05-20,BRROMIACNOR8BR00,1,100,26.55,Executed,16:54:33.640000
715,2021-05-20,BRROMIACNOR8BR00,1,100,26.55,Executed,16:54:33.640000
716,2021-05-20,BRLAMEACNPR6BR00,1,100,18.84,Executed,16:54:33.657000
717,2021-05-20,BRELETACNOR6BR00,1,100,41.51,Executed,16:54:33.700000
718,2021-05-20,BRTASAACNPR4BR00,2,100,23.96,Executed,16:54:33.730000
719,2021-05-20,BRTASAACNPR4BR00,2,100,23.95,Executed,16:54:33.733000
720,2021-05-20,BRABEVACNOR1BR00,1,100,17.55,Executed,16:54:33.733000
721,2021-05-20,BRTASAACNPR4BR00,2,100,23.95,Executed,16:54:33.740000
722,2021-05-20,BRBPACUNT006BR00,2,100,119.36,Executed,16:54:33.760000
723,2021-05-20,BRMRVEACNOR2BR00,2,100,17.65,Executed,16:54:33.763000
724,2021-05-20,BRBPACUNT006BR00,2,100,119.36,Executed,16:54:33.763000
725,2021-05-20,BRAZULACNPR4BR00,2,100,40.25,Executed,16:54:33.817000
726,2021-05-20,BRMGLUACNOR2BR00,2,100,18.7,Executed,16:54:33.873000
727,2021-05-20,BRGGBRACNPR8BR00,1,100,34.4799,Executed,16:54:34.357000
728,2021-05-20,BRDIRRACNOR0BR00,1,100,13.32,Executed,16:54:34.433000
729,2021-05-20,BRITUBACNPR1BR00,1,100,29.42,Executed,16:54:34.487000
730,2021-05-20,BRDIRRACNOR0BR00,1,100,13.33,Executed,16:54:34.573000
731,2021-05-20,BRDIRRACNOR0BR00,1,100,13.33,Executed,16:54:34.577000
732,2021-05-20,BRDIRRACNOR0BR00,1,100,13.33,Executed,16:54:34.580000
733,2021-05-20,BRB3SAACNOR6BR00,1,100,17.28,Executed,16:54:34.653000
734,2021-05-20,BRBBDCACNOR1BR00,2,100,22.3,Executed,16:54:34.667000
735,2021-05-20,BRBBDCACNPR8BR00,2,100,25.68,Executed,16:54:34.667000
736,2021-05-20,BRBRMLACNOR9BR00,1,100,11.09,Executed,16:54:34.667000
737,2021-05-20,BRBRDTACNOR1BR00,2,100,25.4,Executed,16:54:34.717000
738,2021-05-20,BRABEVACNOR1BR00,1,100,17.55,Executed,16:54:34.777000
739,2021-05-20,BRITUBACNPR1BR00,1,100,29.42,Executed,16:54:34.780000
740,2021-05-20,BRCOGNACNOR2BR00,1,100,3.98,Executed,16:54:34.787000
741,2021-05-20,BRRAPTACNPR4BR00,1,100,14.87,Executed,16:54:34.803000
742,2021-05-20,BRMGLUACNOR2BR00,2,100,18.7,Executed,16:54:34.810000
743,2021-05-20,BRBBDCACNPR8BR00,2,100,25.68,Executed,16:54:34.820000
744,2021-05-20,BRVVARACNOR1BR00,1,100,11.96,Executed,16:54:34.827000
745,2021-05-20,BRBBDCACNOR1BR00,2,100,22.3,Executed,16:54:34.900000
746,2021-05-20,BREQTLACNOR0BR00,2,100,25.63,Executed,16:54:35.387000
747,2021-05-20,BRECORACNOR8BR00,2,100,12.38,Executed,16:54:35.440000
748,2021-05-20,BRBRDTACNOR1BR00,2,100,25.4,Executed,16:54:35.490000
749,2021-05-20,BRTIMSACNOR5BR00,1,100,11.95,Executed,16:54:35.577000
750,2021-05-20,BRBTOWACNOR8BR00,2,100,56.8,Executed,16:54:35.587000
751,2021-05-20,BRSULACDAM12BR00,2,100,32.0,Executed,16:54:35.593000
752,2021-05-20,BRVVARACNOR1BR00,1,100,11.96,Executed,16:54:35.670000
753,2021-05-20,BRTENDACNOR4BR00,1,100,24.7,Executed,16:54:35.670000
754,2021-05-20,BRECORACNOR8BR00,2,100,12.38,Executed,16:54:35.670000
755,2021-05-20,BRECORACNOR8BR00,2,100,12.38,Executed,16:54:35.673000
756,2021-05-20,BRGNDIACNOR2BR00,2,100,83.45,Executed,16:54:39.720000
757,2021-05-20,BRTIMSACNOR5BR00,1,100,11.95,Executed,16:54:35.790000
758,2021-05-20,BRQUALACNOR6BR00,1,100,27.0,Executed,16:54:35.790000
759,2021-05-20,BRQUALACNOR6BR00,1,100,27.0,Executed,16:54:35.800000
760,2021-05-20,BRTENDACNOR4BR00,1,100,24.71,Executed,16:54:35.810000
761,2021-05-20,BRENBRACNOR2BR00,1,100,18.66,Executed,16:54:35.810000
762,2021-05-20,BRCSNAACNOR6BR00,2,100,47.12,Executed,16:54:35.810000
763,2021-05-20,BRBIDIACNPR0BR00,2,100,61.37,Executed,16:54:35.827000
764,2021-05-20,BRCSANACNOR6BR00,2,100,22.25,Executed,16:54:35.843000
765,2021-05-20,BRRENTACNOR4BR00,2,100,62.52,Executed,16:54:35.903000
766,2021-05-20,BRBBASACNOR3BR00,2,100,32.89,Executed,16:54:36.400000
767,2021-05-20,BRTIMSACNOR5BR00,1,100,11.95,Executed,16:54:36.450000
768,2021-05-20,BRBBASACNOR3BR00,2,100,32.89,Executed,16:54:36.503000
769,2021-05-20,BRQUALACNOR6BR00,1,100,27.0,Executed,16:54:36.580000
770,2021-05-20,BRBBASACNOR3BR00,2,100,32.89,Executed,16:54:36.607000
771,2021-05-20,BRBBASACNOR3BR00,2,100,32.89,Executed,16:54:36.607000
772,2021-05-20,BRTENDACNOR4BR00,1,100,24.72,Executed,16:54:36.670000
773,2021-05-20,BRTENDACNOR4BR00,1,100,24.72,Executed,16:54:36.673000
774,2021-05-20,BRTENDACNOR4BR00,1,100,24.72,Executed,16:54:36.677000
775,2021-05-20,BRBIDIACNPR0BR00,2,100,61.38,Executed,16:54:36.680000
776,2021-05-20,BRQUALACNOR6BR00,1,100,27.0,Executed,16:54:36.720000
777,2021-05-20,BRTENDACNOR4BR00,1,100,24.72,Executed,16:54:36.807000
778,2021-05-20,BRELETACNPB7BR00,1,100,41.27,Executed,16:54:36.813000
779,2021-05-20,BRCMIGACNPR3BR00,1,100,13.03,Executed,16:54:36.813000
780,2021-05-20,BRCMIGACNPR3BR00,1,100,13.03,Executed,16:54:36.813000
781,2021-05-20,BRTENDACNOR4BR00,1,100,24.72,Executed,16:54:36.820000
782,2021-05-20,BRQUALACNOR6BR00,1,100,27.0,Executed,16:54:36.820000
783,2021-05-20,BRBIDIACNPR0BR00,2,100,61.37,Executed,16:54:36.833000
784,2021-05-20,BRVLIDACNOR5BR00,2,100,10.0,Executed,16:54:36.903000
785,2021-05-20,BRBIDIACNPR0BR00,2,100,61.37,Executed,16:54:36.937000
786,2021-05-20,BRCRFBACNOR2BR00,1,100,20.6,Executed,16:54:37.443000
787,2021-05-20,BRCSNAACNOR6BR00,2,100,47.12,Executed,16:54:37.473000
788,2021-05-20,BRCCROACNOR2BR00,1,100,13.67,Executed,16:54:37.507000
789,2021-05-20,BRROMIACNOR8BR00,1,100,26.55,Executed,16:54:37.610000
790,2021-05-20,BRLCAMACNOR3BR00,2,100,26.33,Executed,16:54:37.623000
791,2021-05-20,BRLCAMACNOR3BR00,2,100,26.34,Executed,16:54:37.627000
792,2021-05-20,BRITSAACNPR7BR00,1,100,10.7899,Executed,16:54:37.697000
793,2021-05-20,BRITSAACNPR7BR00,1,100,10.7899,Executed,16:54:37.700000
794,2021-05-20,BRIRBRACNOR4BR00,1,100,6.07,Executed,16:54:37.700000
795,2021-05-20,BRIGTAACNOR5BR00,2,100,43.32,Executed,16:54:37.703000
796,2021-05-20,BRBIDIACNPR0BR00,2,100,61.37,Executed,16:54:37.723000
797,2021-05-20,BRCIELACNOR3BR00,1,100,3.92,Executed,16:54:37.810000
798,2021-05-20,BRBIDIACNPR0BR00,2,100,61.37,Executed,16:54:37.827000
799,2021-05-20,BRBIDIACNPR0BR00,2,100,61.37,Executed,16:54:37.827000
800,2021-05-20,BRB3SAACNOR6BR00,1,100,17.28,Executed,16:54:37.830000
801,2021-05-20,BRB3SAACNOR6BR00,1,100,17.28,Executed,16:54:37.833000
802,2021-05-20,BRCOGNACNOR2BR00,1,100,3.98,Executed,16:54:37.867000
803,2021-05-20,BRCOGNACNOR2BR00,1,100,3.98,Executed,16:54:37.870000
804,2021-05-20,BRBIDIACNPR0BR00,2,100,61.37,Executed,16:54:37.927000
805,2021-05-20,BRGGBRACNPR8BR00,1,100,34.5,Executed,16:54:37.943000
806,2021-05-20,BRTIMSACNOR5BR00,1,100,11.95,Executed,16:54:38.443000
807,2021-05-20,BRGOAUACNPR8BR00,1,100,15.13,Executed,16:54:38.483000
808,2021-05-20,BRRAPTACNPR4BR00,1,100,14.87,Executed,16:54:38.527000
809,2021-05-20,BRCRFBACNOR2BR00,1,100,20.6,Executed,16:54:38.613000
810,2021-05-20,BRRAPTACNPR4BR00,1,100,14.87,Executed,16:54:38.627000
811,2021-05-20,BRSLCEACNOR2BR00,2,100,49.22,Executed,16:54:38.630000
812,2021-05-20,BRTIMSACNOR5BR00,1,100,11.95,Executed,16:54:38.700000
813,2021-05-20,BRTIMSACNOR5BR00,1,100,11.95,Executed,16:54:38.703000
814,2021-05-20,BRRAPTACNPR4BR00,1,100,14.87,Executed,16:54:38.710000
815,2021-05-20,BRQUALACNOR6BR00,1,100,26.99,Executed,16:54:38.727000
816,2021-05-20,BRABEVACNOR1BR00,1,100,17.55,Executed,16:54:38.830000
817,2021-05-20,BRABEVACNOR1BR00,1,100,17.55,Executed,16:54:38.833000
818,2021-05-20,BRABEVACNOR1BR00,1,100,17.55,Executed,16:54:38.850000
819,2021-05-20,BREQTLACNOR0BR00,2,100,25.63,Executed,16:54:38.897000
820,2021-05-20,BRCSNAACNOR6BR00,2,100,47.12,Executed,16:54:38.913000
821,2021-05-20,BRCSNAACNOR6BR00,2,100,47.12,Executed,16:54:38.917000
822,2021-05-20,BRRAPTACNPR4BR00,1,100,14.87,Executed,16:54:38.960000
823,2021-05-20,BRCRFBACNOR2BR00,1,100,20.6,Executed,16:54:38.967000
824,2021-05-20,BRCRFBACNOR2BR00,1,100,20.6,Executed,16:54:38.967000
825,2021-05-20,BRCSNAACNOR6BR00,2,100,47.12,Executed,16:54:39.450000
826,2021-05-20,BRLCAMACNOR3BR00,2,100,26.34,Executed,16:54:39.487000
827,2021-05-20,BRGGBRACNPR8BR00,1,100,34.5,Executed,16:54:39.533000
828,2021-05-20,BRGGBRACNPR8BR00,1,100,34.5,Executed,16:54:39.637000
829,2021-05-20,BRGGBRACNPR8BR00,1,100,34.5,Executed,16:54:39.637000
830,2021-05-20,BRBTOWACNOR8BR00,2,100,56.81,Executed,16:54:39.640000
831,2021-05-20,BRITSAACNPR7BR00,1,100,10.7899,Executed,16:54:39.710000
832,2021-05-20,BRCMIGACNPR3BR00,1,100,13.03,Executed,16:54:39.727000
833,2021-05-20,BRCSANACNOR6BR00,2,100,22.25,Executed,16:54:39.743000
834,2021-05-20,BRMGLUACNOR2BR00,2,100,18.7,Executed,16:54:39.747000
835,2021-05-20,BRCSNAACNOR6BR00,2,100,47.12,Executed,16:54:39.850000
836,2021-05-20,BRCRFBACNOR2BR00,1,100,20.6,Executed,16:54:39.850000
837,2021-05-20,BRBIDIACNPR0BR00,2,100,61.37,Executed,16:54:39.850000
838,2021-05-20,BRITSAACNPR7BR00,1,100,10.7899,Executed,16:54:39.900000
839,2021-05-20,BRBRDTACNOR1BR00,2,100,25.4,Executed,16:54:39.917000
840,2021-05-20,BRBRDTACNOR1BR00,2,100,25.4,Executed,16:54:39.920000
841,2021-05-20,BRBBASACNOR3BR00,2,100,32.89,Executed,16:54:39.977000
842,2021-05-20,BRCIELACNOR3BR00,1,100,3.92,Executed,16:54:40.010000
843,2021-05-20,BRVVARACNOR1BR00,1,100,11.96,Executed,16:54:40.003000
844,2021-05-20,BRSULACDAM12BR00,2,100,32.0,Executed,16:54:40.467000
845,2021-05-20,BRTIMSACNOR5BR00,1,100,11.95,Executed,16:54:40.490000
846,2021-05-20,BRCSNAACNOR6BR00,2,100,47.12,Executed,16:54:40.547000
847,2021-05-20,BRSAPRCDAM13BR00,1,100,20.53,Executed,16:54:40.647000
848,2021-05-20,BRSAPRACNPR6BR00,1,100,4.15,Executed,16:54:40.647000
849,2021-05-20,BRITSAACNPR7BR00,1,100,10.7899,Executed,16:54:40.650000
850,2021-05-20,BRCIELACNOR3BR00,1,100,3.92,Executed,16:54:40.760000
851,2021-05-20,BRCIELACNOR3BR00,1,100,3.92,Executed,16:54:40.763000
852,2021-05-20,BRBRDTACNOR1BR00,2,100,25.4,Executed,16:54:40.777000
853,2021-05-20,BRCYREACNOR7BR00,1,100,23.16,Executed,16:54:40.777000
854,2021-05-20,BRVVARACNOR1BR00,1,100,11.96,Executed,16:54:40.777000
855,2021-05-20,BRTASAACNPR4BR00,2,100,23.95,Executed,16:54:40.863000
856,2021-05-20,BRSMTOACNOR3BR00,2,100,33.62,Executed,16:54:40.867000
857,2021-05-20,BRBTOWACNOR8BR00,2,100,56.81,Executed,16:54:40.873000
858,2021-05-20,BRITUBACNOR4BR00,2,100,26.13,Executed,16:54:40.917000
859,2021-05-20,BRCSNAACNOR6BR00,2,100,47.12,Executed,16:54:40.947000
860,2021-05-20,BRCMIGACNPR3BR00,1,100,13.03,Executed,16:54:41.003000
861,2021-05-20,BRITSAACNPR7BR00,1,100,10.7899,Executed,16:54:41.003000
862,2021-05-20,BRSAPRACNPR6BR00,1,100,4.15,Executed,16:54:41.007000
863,2021-05-20,BRBBASACNOR3BR00,2,100,32.89,Executed,16:54:41.007000
864,2021-05-20,BRVVARACNOR1BR00,1,100,11.96,Executed,16:54:41.480000
865,2021-05-20,BRTUPYACNOR1BR00,2,100,26.35,Executed,16:54:41.507000
866,2021-05-20,BRBRDTACNOR1BR00,2,100,25.4,Executed,16:54:41.553000
867,2021-05-20,BRYDUQACNOR3BR00,1,100,31.45,Executed,16:54:41.670000
868,2021-05-20,BRYDUQACNOR3BR00,1,100,31.45,Executed,16:54:41.673000
869,2021-05-20,BRYDUQACNOR3BR00,1,100,31.5,Executed,16:54:41.673000
870,2021-05-20,BRYDUQACNOR3BR00,1,100,31.5,Executed,16:54:41.780000
871,2021-05-20,BRYDUQACNOR3BR00,1,100,31.5,Executed,16:54:41.780000
872,2021-05-20,BRYDUQACNOR3BR00,1,100,31.5,Executed,16:54:41.813000
873,2021-05-20,BRYDUQACNOR3BR00,1,100,31.5,Executed,16:54:41.817000
874,2021-05-20,BRENBRACNOR2BR00,1,100,18.66,Executed,16:54:41.827000
875,2021-05-20,BRBBDCACNPR8BR00,2,100,25.68,Executed,16:54:41.870000
876,2021-05-20,BRB3SAACNOR6BR00,1,100,17.28,Executed,16:54:41.870000
877,2021-05-20,BRABEVACNOR1BR00,1,100,17.55,Executed,16:54:41.877000
878,2021-05-20,BRLCAMACNOR3BR00,2,100,26.35,Executed,16:54:41.920000
879,2021-05-20,BRENBRACNOR2BR00,1,100,18.66,Executed,16:54:41.950000
880,2021-05-20,BRSANBCDAM13BR00,1,100,40.9,Executed,16:54:42.003000
881,2021-05-20,BRSANBCDAM13BR00,1,100,40.9099,Executed,16:54:42.007000
882,2021-05-20,BRBRMLACNOR9BR00,1,100,11.1,Executed,16:54:42.047000
883,2021-05-20,BRBRMLACNOR9BR00,1,100,11.1,Executed,16:54:42.050000
884,2021-05-20,BRELETACNOR6BR00,1,100,41.51,Executed,16:54:42.497000
885,2021-05-20,BRELETACNOR6BR00,1,100,41.51,Executed,16:54:42.510000
886,2021-05-20,BRITSAACNPR7BR00,1,100,10.7899,Executed,16:54:42.603000
887,2021-05-20,BRBIDIACNPR0BR00,2,100,61.41,Executed,16:54:42.670000
888,2021-05-20,BRBIDIACNPR0BR00,2,100,61.41,Executed,16:54:42.673000
889,2021-05-20,BRBRMLACNOR9BR00,1,100,11.1,Executed,16:54:42.697000
890,2021-05-20,BRBIDIACNPR0BR00,2,100,61.41,Executed,16:54:42.783000
891,2021-05-20,BREGIEACNOR9BR00,2,100,40.21,Executed,16:54:42.787000
892,2021-05-20,BRRADLACNOR0BR00,2,100,27.0,Executed,16:54:42.823000
893,2021-05-20,BRBRDTACNOR1BR00,2,100,25.4,Executed,16:54:42.823000
894,2021-05-20,BRBBDCACNPR8BR00,2,100,25.68,Executed,16:54:42.827000
895,2021-05-20,BRCPLEACNOR8BR00,1,100,5.51,Executed,16:54:42.897000
896,2021-05-20,BRCPLEACNOR8BR00,1,100,5.51,Executed,16:54:42.900000
897,2021-05-20,BRBRMLACNOR9BR00,1,100,11.1,Executed,16:54:42.900000
898,2021-05-20,BRHYPEACNOR0BR00,2,100,35.3,Executed,16:54:42.967000
899,2021-05-20,BRVVARACNOR1BR00,1,100,11.96,Executed,16:54:42.973000
900,2021-05-20,BRJHSFACNOR2BR00,1,100,7.6,Executed,16:54:43.007000
901,2021-05-20,BRMGLUACNOR2BR00,2,100,18.7,Executed,16:54:43.013000
902,2021-05-20,BRLCAMACNOR3BR00,2,100,26.35,Executed,16:54:43.050000
903,2021-05-20,BRWIZSACNOR1BR00,2,100,12.41,Executed,16:54:43.057000
904,2021-05-20,BRJHSFACNOR2BR00,1,100,7.6,Executed,16:54:43.523000
905,2021-05-20,BRUGPAACNOR8BR00,2,100,19.72,Executed,16:54:43.543000
906,2021-05-20,BRITSAACNPR7BR00,1,100,10.78,Executed,16:54:43.607000
907,2021-05-20,BRGGBRACNPR8BR00,1,100,34.5,Executed,16:54:43.673000
908,2021-05-20,BRCRFBACNOR2BR00,1,100,20.6,Executed,16:54:43.683000
909,2021-05-20,BRCRFBACNOR2BR00,1,100,20.6,Executed,16:54:43.730000
910,2021-05-20,BRCPFEACNOR0BR00,2,100,28.78,Executed,16:54:43.803000
911,2021-05-20,BRITUBACNOR4BR00,2,100,26.13,Executed,16:54:43.823000
912,2021-05-20,BRGGBRACNPR8BR00,1,100,34.5,Executed,16:54:43.850000
913,2021-05-20,BRLAMEACNOR9BR00,1,100,17.65,Executed,16:54:43.890000
914,2021-05-20,BRDTEXACNOR3BR00,1,100,21.2,Executed,16:54:43.917000
915,2021-05-20,BRGGBRACNPR8BR00,1,100,34.5,Executed,16:54:43.963000
916,2021-05-20,BRELETACNPB7BR00,1,100,41.28,Executed,16:54:44.007000
917,2021-05-20,BRBRPRACNOR9BR00,1,100,9.24,Executed,16:54:44.007000
918,2021-05-20,BRELETACNOR6BR00,1,100,41.51,Executed,16:54:44.010000
919,2021-05-20,BRGNDIACNOR2BR00,2,100,83.3,Executed,16:54:58.860000
920,2021-05-20,BREQTLACNOR0BR00,2,100,25.62,Executed,16:54:44.027000
921,2021-05-20,BRGGBRACNPR8BR00,1,100,34.5,Executed,16:54:44.067000
922,2021-05-20,BRGGBRACNPR8BR00,1,100,34.5,Executed,16:54:44.120000
923,2021-05-20,BRCSNAACNOR6BR00,2,100,47.12,Executed,16:54:44.633000
924,2021-05-20,BRCSNAACNOR6BR00,2,100,47.1,Executed,16:54:44.637000
925,2021-05-20,BRGGBRACNPR8BR00,1,100,34.5,Executed,16:54:44.637000
926,2021-05-20,BRCSNAACNOR6BR00,2,100,47.1,Executed,16:54:44.737000
927,2021-05-20,BRGGBRACNPR8BR00,1,100,34.5,Executed,16:54:44.740000
928,2021-05-20,BRELETACNOR6BR00,1,100,41.51,Executed,16:54:44.740000
929,2021-05-20,BRBRDTACNOR1BR00,2,100,25.4,Executed,16:54:44.810000
930,2021-05-20,BRGGBRACNPR8BR00,1,100,34.5,Executed,16:54:44.840000
931,2021-05-20,BRGGBRACNPR8BR00,1,100,34.5,Executed,16:54:44.857000
932,2021-05-20,BRBBDCACNPR8BR00,2,100,25.7,Executed,16:54:44.897000
933,2021-05-20,BRBRDTACNOR1BR00,2,100,25.4,Executed,16:54:44.920000
934,2021-05-20,BRBPACUNT006BR00,2,100,119.35,Executed,16:54:44.967000
935,2021-05-20,BREQTLACNOR0BR00,2,100,25.62,Executed,16:54:45.007000
936,2021-05-20,BRQUALACNOR6BR00,1,100,26.99,Executed,16:54:45.013000
937,2021-05-20,BRLAMEACNPR6BR00,1,100,18.84,Executed,16:54:45.013000
938,2021-05-20,BRRAILACNOR9BR00,1,100,20.29,Executed,16:54:45.043000
939,2021-05-20,BRBBDCACNPR8BR00,2,100,25.68,Executed,16:54:45.047000
940,2021-05-20,BRRAILACNOR9BR00,1,100,20.29,Executed,16:54:45.047000
941,2021-05-20,BRCSNAACNOR6BR00,2,100,47.1,Executed,16:54:45.070000
942,2021-05-20,BRCRFBACNOR2BR00,1,100,20.6,Executed,16:54:45.123000
943,2021-05-20,BRECORACNOR8BR00,2,100,12.39,Executed,16:54:45.653000
944,2021-05-20,BRBRDTACNOR1BR00,2,100,25.4,Executed,16:54:45.667000
945,2021-05-20,BRBRDTACNOR1BR00,2,100,25.4,Executed,16:54:45.667000
946,2021-05-20,BRECORACNOR8BR00,2,100,12.39,Executed,16:54:45.757000
947,2021-05-20,BRECORACNOR8BR00,2,100,12.38,Executed,16:54:45.757000
948,2021-05-20,BRMGLUACNOR2BR00,2,100,18.72,Executed,16:54:45.763000
949,2021-05-20,BRRAILACNOR9BR00,1,100,20.28,Executed,16:54:45.840000
950,2021-05-20,BRLAMEACNOR9BR00,1,100,17.65,Executed,16:54:45.863000
951,2021-05-20,BRLAMEACNOR9BR00,1,100,17.66,Executed,16:54:45.867000
952,2021-05-20,BRRAILACNOR9BR00,1,100,20.28,Executed,16:54:45.900000
953,2021-05-20,BREMBRACNOR4BR00,1,100,16.17,Executed,16:54:45.937000
954,2021-05-20,BRSULACDAM12BR00,2,100,32.0,Executed,16:54:45.967000
955,2021-05-20,BRB3SAACNOR6BR00,1,100,17.28,Executed,16:54:46.007000
956,2021-05-20,BRYDUQACNOR3BR00,1,100,31.5,Executed,16:54:46.007000
957,2021-05-20,BRB3SAACNOR6BR00,1,100,17.28,Executed,16:54:46.010000
958,2021-05-20,BRRAILACNOR9BR00,1,100,20.27,Executed,16:54:46.057000
959,2021-05-20,BRBRDTACNOR1BR00,2,100,25.4,Executed,16:54:46.057000
960,2021-05-20,BRBEEFACNOR6BR00,1,100,9.6,Executed,16:54:46.060000
961,2021-05-20,BRRAILACNOR9BR00,1,100,20.27,Executed,16:54:46.073000
962,2021-05-20,BRANIMACNOR6BR00,2,100,12.3,Executed,16:54:46.140000
963,2021-05-20,BRVVARACNOR1BR00,1,100,11.96,Executed,16:54:46.667000
964,2021-05-20,BRRAPTACNPR4BR00,1,100,14.88,Executed,16:54:46.677000
965,2021-05-20,BRCIELACNOR3BR00,1,100,3.92,Executed,16:54:46.693000
966,2021-05-20,BRENBRACNOR2BR00,1,100,18.66,Executed,16:54:46.777000
967,2021-05-20,BRCRFBACNOR2BR00,1,100,20.6,Executed,16:54:46.803000
968,2021-05-20,BRCRFBACNOR2BR00,1,100,20.6,Executed,16:54:46.803000
969,2021-05-20,BRITSAACNPR7BR00,1,100,10.78,Executed,16:54:46.880000
970,2021-05-20,BRITSAACNPR7BR00,1,100,10.7899,Executed,16:54:46.883000
971,2021-05-20,BRUGPAACNOR8BR00,2,100,19.71,Executed,16:54:46.907000
972,2021-05-20,BRUGPAACNOR8BR00,2,100,19.71,Executed,16:54:46.907000
973,2021-05-20,BRYDUQACNOR3BR00,1,100,31.44,Executed,16:54:46.980000
974,2021-05-20,BRGOLLACNPR4BR00,1,100,25.94,Executed,16:54:46.993000
975,2021-05-20,BRBRDTACNOR1BR00,2,100,25.4,Executed,16:54:47.007000
976,2021-05-20,BRBRDTACNOR1BR00,2,100,25.4,Executed,16:54:47.010000
977,2021-05-20,BRITSAACNPR7BR00,1,100,10.7899,Executed,16:54:47.013000
978,2021-05-20,BRCOGNACNOR2BR00,1,100,3.98,Executed,16:54:47.107000
979,2021-05-20,BRBRDTACNOR1BR00,2,100,25.4,Executed,16:54:47.110000
980,2021-05-20,BRYDUQACNOR3BR00,1,100,31.43,Executed,16:54:52.040000
981,2021-05-20,BRCOGNACNOR2BR00,1,100,3.98,Executed,16:54:47.183000
982,2021-05-20,BRTUPYACNOR1BR00,2,100,26.35,Executed,16:54:47.733000
983,2021-05-20,BRBTOWACNOR8BR00,2,100,56.81,Executed,16:54:47.733000
984,2021-05-20,BRBTOWACNOR8BR00,2,100,56.81,Executed,16:54:47.737000
985,2021-05-20,BRETERACNOR3BR00,1,100,31.85,Executed,16:54:47.883000
986,2021-05-20,BRALUPCDAM15BR00,1,100,26.71,Executed,16:54:47.903000
987,2021-05-20,BRALUPCDAM15BR00,1,100,26.71,Executed,16:54:47.907000
988,2021-05-20,BRLOGNACNOR3BR00,1,100,18.94,Executed,16:54:47.913000
989,2021-05-20,BRRAPTACNPR4BR00,1,100,14.87,Executed,16:54:47.930000
990,2021-05-20,BRALSOACNOR5BR00,2,100,28.85,Executed,16:54:47.930000
991,2021-05-20,BRRAPTACNPR4BR00,1,100,14.87,Executed,16:54:47.933000
992,2021-05-20,BRCIELACNOR3BR00,1,100,3.92,Executed,16:54:47.987000
993,2021-05-20,BRCOGNACNOR2BR00,1,100,3.98,Executed,16:54:48.007000
994,2021-05-20,BRLAMEACNOR9BR00,1,100,17.66,Executed,16:54:48.010000
995,2021-05-20,BRLAMEACNOR9BR00,1,100,17.66,Executed,16:54:48.013000
996,2021-05-20,BRITSAACNPR7BR00,1,100,10.7899,Executed,16:54:48.017000
997,2021-05-20,BRIRBRACNOR4BR00,1,100,6.07,Executed,16:54:48.110000
998,2021-05-20,BRSMTOACNOR3BR00,2,100,33.62,Executed,16:54:48.127000
999,2021-05-20,BRSMTOACNOR3BR00,2,100,33.6,Executed,16:54:48.130000
1000,2021-05-20,BRUGPAACNOR8BR00,2,100,19.7,Executed,16:54:48.133000
1001,2021-05-20,BRGOAUACNPR8BR00,1,100,15.13,Executed,16:54:48.187000
1002,2021-05-20,BREMBRACNOR4BR00,1,100,16.16,Executed,16:54:48.810000
1003,2021-05-20,BREMBRACNOR4BR00,1,100,16.16,Executed,16:54:48.810000
1004,2021-05-20,BRMGLUACNOR2BR00,2,100,18.7,Executed,16:54:48.903000
1005,2021-05-20,BRTUPYACNOR1BR00,2,100,26.34,Executed,16:54:48.903000
1006,2021-05-20,BREMBRACNOR4BR00,1,100,16.16,Executed,16:54:48.970000
1007,2021-05-20,BRUGPAACNOR8BR00,2,100,19.7,Executed,16:54:48.977000
1008,2021-05-20,BRBRDTACNOR1BR00,2,100,25.4,Executed,16:54:48.977000
1009,2021-05-20,BRBRDTACNOR1BR00,2,100,25.4,Executed,16:54:48.980000
1010,2021-05-20,BRGOAUACNPR8BR00,1,100,15.13,Executed,16:54:49.003000
1011,2021-05-20,BRENGICDAM16BR00,2,100,45.71,Executed,16:54:49.010000
1012,2021-05-20,BRALSOACNOR5BR00,2,100,28.85,Executed,16:54:49.007000
1013,2021-05-20,BRCVCBACNOR1BR00,1,100,23.85,Executed,16:54:49.007000
1014,2021-05-20,BRALSOACNOR5BR00,2,100,28.84,Executed,16:54:49.010000
1015,2021-05-20,BRCRFBACNOR2BR00,1,100,20.6,Executed,16:54:49.013000
1016,2021-05-20,BRCPFEACNOR0BR00,2,100,28.76,Executed,16:54:49.017000
1017,2021-05-20,BRELETACNOR6BR00,1,100,41.54,Executed,16:54:49.113000
1018,2021-05-20,BRBRDTACNOR1BR00,2,100,25.4,Executed,16:54:49.130000
1019,2021-05-20,BRBRDTACNOR1BR00,2,100,25.4,Executed,16:54:49.133000
1020,2021-05-20,BRCOGNACNOR2BR00,1,100,3.98,Executed,16:54:49.140000
1021,2021-05-20,BRETERACNOR3BR00,1,100,31.88,Executed,16:54:49.217000
1022,2021-05-20,BRLAMEACNOR9BR00,1,100,17.66,Executed,16:54:49.813000
1023,2021-05-20,BRLAMEACNOR9BR00,1,100,17.68,Executed,16:54:49.817000
1024,2021-05-20,BRRENTACNOR4BR00,2,100,62.5,Executed,16:54:49.907000
1025,2021-05-20,BRRENTACNOR4BR00,2,100,62.5,Executed,16:54:49.910000
1026,2021-05-20,BRCMIGACNOR6BR00,2,100,15.61,Executed,16:54:49.980000
1027,2021-05-20,BRMGLUACNOR2BR00,2,100,18.7,Executed,16:54:50.010000
1028,2021-05-20,BRRAILACNOR9BR00,1,100,20.28,Executed,16:54:50.037000
1029,2021-05-20,BRGGBRACNPR8BR00,1,100,34.5,Executed,16:54:50.007000
1030,2021-05-20,BRIRBRACNOR4BR00,1,100,6.07,Executed,16:54:50.010000
1031,2021-05-20,BRVVARACNOR1BR00,1,100,11.96,Executed,16:54:50.013000
1032,2021-05-20,BRB3SAACNOR6BR00,1,100,17.28,Executed,16:54:50.013000
1033,2021-05-20,BRCSANACNOR6BR00,2,100,22.25,Executed,16:54:50.037000
1034,2021-05-20,BRMGLUACNOR2BR00,2,100,18.7,Executed,16:54:50.047000
1035,2021-05-20,BRRADLACNOR0BR00,2,100,27.0,Executed,16:54:50.040000
1036,2021-05-20,BRELETACNOR6BR00,1,100,41.53,Executed,16:54:50.040000
1037,2021-05-20,BRUGPAACNOR8BR00,2,100,19.7,Executed,16:54:50.117000
1038,2021-05-20,BRGGBRACNPR8BR00,1,100,34.5,Executed,16:54:50.133000
1039,2021-05-20,BRGGBRACNPR8BR00,1,100,34.5,Executed,16:54:50.143000
1040,2021-05-20,BRGOLLACNPR4BR00,1,100,25.94,Executed,16:54:50.257000
1041,2021-05-20,BRCPFEACNOR0BR00,2,100,28.77,Executed,16:54:50.830000
1042,2021-05-20,BRMRVEACNOR2BR00,2,100,17.64,Executed,16:54:50.833000
1043,2021-05-20,BRBBDCACNPR8BR00,2,100,25.68,Executed,16:54:50.917000
1044,2021-05-20,BRLAMEACNOR9BR00,1,100,17.68,Executed,16:54:50.927000
1045,2021-05-20,BRCPFEACNOR0BR00,2,100,28.77,Executed,16:54:50.990000
1046,2021-05-20,BREMBRACNOR4BR00,1,100,16.15,Executed,16:54:51.010000
1047,2021-05-20,BREMBRACNOR4BR00,1,100,16.16,Executed,16:54:51.013000
1048,2021-05-20,BREMBRACNOR4BR00,1,100,16.16,Executed,16:54:51.017000
1049,2021-05-20,BREMBRACNOR4BR00,1,100,16.16,Executed,16:54:51.017000
1050,2021-05-20,BRUGPAACNOR8BR00,2,100,19.7,Executed,16:54:51.040000
1051,2021-05-20,BRUGPAACNOR8BR00,2,100,19.7,Executed,16:54:51.043000
1052,2021-05-20,BRELETACNPB7BR00,1,100,41.28,Executed,16:54:51.043000
1053,2021-05-20,BRUGPAACNOR8BR00,2,100,19.7,Executed,16:54:51.043000
1054,2021-05-20,BRCSANACNOR6BR00,2,100,22.25,Executed,16:54:51.053000
1055,2021-05-20,BREMBRACNOR4BR00,1,100,16.16,Executed,16:54:51.083000
1056,2021-05-20,BRCPFEACNOR0BR00,2,100,28.76,Executed,16:54:51.120000
1057,2021-05-20,BREMBRACNOR4BR00,1,100,16.16,Executed,16:54:51.137000
1058,2021-05-20,BRLAMEACNOR9BR00,1,100,17.67,Executed,16:54:51.160000
1059,2021-05-20,BRUGPAACNOR8BR00,2,100,19.7,Executed,16:54:51.180000
1060,2021-05-20,BRTIMSACNOR5BR00,1,100,11.95,Executed,16:54:51.307000
1061,2021-05-20,BRMGLUACNOR2BR00,2,100,18.7,Executed,16:54:51.860000
1062,2021-05-20,BRVVARACNOR1BR00,1,100,11.96,Executed,16:54:51.880000
1063,2021-05-20,BRCSNAACNOR6BR00,2,100,47.09,Executed,16:54:51.963000
1064,2021-05-20,BRRAPTACNPR4BR00,1,100,14.86,Executed,16:54:51.973000
1065,2021-05-20,BREMBRACNOR4BR00,1,100,16.16,Executed,16:54:52.003000
1066,2021-05-20,BRSLCEACNOR2BR00,2,100,49.18,Executed,16:54:52.017000
1067,2021-05-20,BRSULACDAM12BR00,2,100,32.0,Executed,16:54:52.017000
1068,2021-05-20,BRBRDTACNOR1BR00,2,100,25.39,Executed,16:54:52.017000
1069,2021-05-20,BRBRDTACNOR1BR00,2,100,25.38,Executed,16:54:52.020000
1070,2021-05-20,BRLCAMACNOR3BR00,2,100,26.33,Executed,16:54:52.043000
1071,2021-05-20,BRLCAMACNOR3BR00,2,100,26.32,Executed,16:54:52.047000
1072,2021-05-20,BRBBDCACNOR1BR00,2,100,22.28,Executed,16:54:52.047000
1073,2021-05-20,BRYDUQACNOR3BR00,1,100,31.45,Executed,16:54:52.070000
1074,2021-05-20,BRGOLLACNPR4BR00,1,100,25.94,Executed,16:54:52.053000
1075,2021-05-20,BRYDUQACNOR3BR00,1,100,31.45,Executed,16:54:52.113000
1076,2021-05-20,BRBBDCACNOR1BR00,2,100,22.28,Executed,16:54:52.147000
1077,2021-05-20,BRBRDTACNOR1BR00,2,100,25.3299,Executed,16:54:52.147000
1078,2021-05-20,BRYDUQACNOR3BR00,1,100,31.45,Executed,16:54:52.183000
1079,2021-05-20,BRCPFEACNOR0BR00,2,100,28.77,Executed,16:54:52.183000
1080,2021-05-20,BRROMIACNOR8BR00,1,100,26.55,Executed,16:54:52.320000
1081,2021-05-20,BRUGPAACNOR8BR00,2,100,19.7,Executed,16:54:52.863000
1082,2021-05-20,BRVVARACNOR1BR00,1,100,11.96,Executed,16:54:52.893000
1083,2021-05-20,BRGUARACNOR4BR00,1,100,19.3299,Executed,16:54:52.983000
1084,2021-05-20,BRYDUQACNOR3BR00,1,100,31.45,Executed,16:54:52.987000
1085,2021-05-20,BRRAPTACNPR4BR00,1,100,14.86,Executed,16:54:53.003000
1086,2021-05-20,BRBBDCACNPR8BR00,2,100,25.68,Executed,16:54:53.020000
1087,2021-05-20,BRUGPAACNOR8BR00,2,100,19.7,Executed,16:54:53.020000
1088,2021-05-20,BRGGBRACNPR8BR00,1,100,34.5,Executed,16:54:53.020000
1089,2021-05-20,BRBBDCACNPR8BR00,2,100,25.68,Executed,16:54:53.023000
1090,2021-05-20,BRRENTACNOR4BR00,2,100,62.46,Executed,16:54:53.050000
1091,2021-05-20,BRSANBCDAM13BR00,1,100,40.9099,Executed,16:54:53.053000
1092,2021-05-20,BRGGBRACNPR8BR00,1,100,34.5,Executed,16:54:53.060000
1093,2021-05-20,BRUGPAACNOR8BR00,2,100,19.7,Executed,16:54:53.063000
1094,2021-05-20,BRRENTACNOR4BR00,2,100,62.46,Executed,16:54:53.063000
1095,2021-05-20,BRSLCEACNOR2BR00,2,100,49.17,Executed,16:54:53.267000
1096,2021-05-20,BRRENTACNOR4BR00,2,100,62.46,Executed,16:54:53.167000
1097,2021-05-20,BRRADLACNOR0BR00,2,100,27.0,Executed,16:54:53.173000
1098,2021-05-20,BRBRDTACNOR1BR00,2,100,25.3299,Executed,16:54:53.197000
1099,2021-05-20,BRBBDCACNOR1BR00,2,100,22.27,Executed,16:54:53.213000
1100,2021-05-20,BRBBDCACNPR8BR00,2,100,25.68,Executed,16:54:53.337000
1101,2021-05-20,BRBPACUNT006BR00,2,100,119.32,Executed,16:54:53.893000
1102,2021-05-20,BRCOGNACNOR2BR00,1,100,3.98,Executed,16:54:53.907000
1103,2021-05-20,BRTIMSACNOR5BR00,1,100,11.95,Executed,16:54:53.993000
1104,2021-05-20,BRLCAMACNOR3BR00,2,100,26.31,Executed,16:54:54.007000
1105,2021-05-20,BRBEEFACNOR6BR00,1,100,9.6,Executed,16:54:54.007000
1106,2021-05-20,BRBBDCACNPR8BR00,2,100,25.68,Executed,16:54:54.030000
1107,2021-05-20,BRTIMSACNOR5BR00,1,100,11.95,Executed,16:54:54.030000
1108,2021-05-20,BRBBDCACNPR8BR00,2,100,25.68,Executed,16:54:54.043000
1109,2021-05-20,BRABCBACNPR4BR00,1,100,16.7,Executed,16:54:54.053000
1110,2021-05-20,BRBBDCACNPR8BR00,2,100,25.68,Executed,16:54:54.053000
1111,2021-05-20,BRABCBACNPR4BR00,1,100,16.7,Executed,16:54:54.063000
1112,2021-05-20,BRB3SAACNOR6BR00,1,100,17.28,Executed,16:54:54.067000
1113,2021-05-20,BRB3SAACNOR6BR00,1,100,17.28,Executed,16:54:54.067000
1114,2021-05-20,BRTIMSACNOR5BR00,1,100,11.95,Executed,16:54:54.070000
1115,2021-05-20,BRELETACNOR6BR00,1,100,41.53,Executed,16:54:54.177000
1116,2021-05-20,BRROMIACNOR8BR00,1,100,26.57,Executed,16:54:54.303000
1117,2021-05-20,BRGGBRACNPR8BR00,1,100,34.5,Executed,16:54:54.310000
1118,2021-05-20,BRGGBRACNPR8BR00,1,100,34.5,Executed,16:54:54.370000
1119,2021-05-20,BRGOAUACNPR8BR00,1,100,15.14,Executed,16:54:54.373000
1120,2021-05-20,BRALUPCDAM15BR00,1,100,26.72,Executed,16:54:54.380000
1121,2021-05-20,BRHYPEACNOR0BR00,2,100,35.28,Executed,16:54:54.973000
1122,2021-05-20,BRWIZSACNOR1BR00,2,100,12.4,Executed,16:54:54.977000
1123,2021-05-20,BRSMTOACNOR3BR00,2,100,33.6,Executed,16:54:54.993000
1124,2021-05-20,BRGOAUACNPR8BR00,1,100,15.14,Executed,16:54:55.003000
1125,2021-05-20,BRCSANACNOR6BR00,2,100,22.21,Executed,16:54:55.007000
1126,2021-05-20,BRMRVEACNOR2BR00,2,100,17.64,Executed,16:54:55.037000
1127,2021-05-20,BREMBRACNOR4BR00,1,100,16.16,Executed,16:54:55.040000
1128,2021-05-20,BRUGPAACNOR8BR00,2,100,19.7,Executed,16:54:55.073000
1129,2021-05-20,BRVLIDACNOR5BR00,2,100,9.99,Executed,16:54:55.073000
1130,2021-05-20,BRLIGTACNOR2BR00,1,100,17.09,Executed,16:54:55.077000
1131,2021-05-20,BRTUPYACNOR1BR00,2,100,26.34,Executed,16:54:55.083000
1132,2021-05-20,BRMGLUACNOR2BR00,2,100,18.7,Executed,16:54:55.093000
1133,2021-05-20,BRRADLACNOR0BR00,2,100,27.0,Executed,16:54:55.093000
1134,2021-05-20,BRITSAACNPR7BR00,1,100,10.7899,Executed,16:54:55.093000
1135,2021-05-20,BRCOGNACNOR2BR00,1,100,3.98,Executed,16:54:55.180000
1136,2021-05-20,BRABEVACNOR1BR00,1,100,17.55,Executed,16:54:55.310000
1137,2021-05-20,BRJHSFACNOR2BR00,1,100,7.6,Executed,16:54:55.323000
1138,2021-05-20,BRITSAACNPR7BR00,1,100,10.7899,Executed,16:54:55.373000
1139,2021-05-20,BRBRSRACNPB4BR00,1,100,13.15,Executed,16:54:55.377000
1140,2021-05-20,BREMBRACNOR4BR00,1,100,16.16,Executed,16:54:55.380000
1141,2021-05-20,BRTASAACNPR4BR00,2,100,23.94,Executed,16:54:55.980000
1142,2021-05-20,BRGOAUACNPR8BR00,1,100,15.14,Executed,16:54:55.993000
1143,2021-05-20,BRCOGNACNOR2BR00,1,100,3.98,Executed,16:54:55.993000
1144,2021-05-20,BRCSANACNOR6BR00,2,100,22.21,Executed,16:54:56.010000
1145,2021-05-20,BRBRPRACNOR9BR00,1,100,9.23,Executed,16:54:56.010000
1146,2021-05-20,BREMBRACNOR4BR00,1,100,16.16,Executed,16:54:56.040000
1147,2021-05-20,BRLAMEACNPR6BR00,1,100,18.84,Executed,16:54:56.097000
1148,2021-05-20,BRBBDCACNPR8BR00,2,100,25.68,Executed,16:54:56.097000
1149,2021-05-20,BRIRBRACNOR4BR00,1,100,6.07,Executed,16:54:56.100000
1150,2021-05-20,BRITSAACNPR7BR00,1,100,10.7899,Executed,16:54:56.103000
1151,2021-05-20,BRTASAACNPR4BR00,2,100,23.95,Executed,16:54:56.120000
1152,2021-05-20,BRBEEFACNOR6BR00,1,100,9.6,Executed,16:54:56.143000
1153,2021-05-20,BRCCROACNOR2BR00,1,100,13.67,Executed,16:54:56.243000
1154,2021-05-20,BRABEVACNOR1BR00,1,100,17.55,Executed,16:54:56.277000
1155,2021-05-20,BRCRFBACNOR2BR00,1,100,20.6,Executed,16:54:56.353000
1156,2021-05-20,BRVVARACNOR1BR00,1,100,11.96,Executed,16:54:56.360000
1157,2021-05-20,BRABEVACNOR1BR00,1,100,17.55,Executed,16:54:56.377000
1158,2021-05-20,BRMGLUACNOR2BR00,2,100,18.7,Executed,16:54:56.377000
1159,2021-05-20,BRCYREACNOR7BR00,1,100,23.16,Executed,16:54:56.387000
1160,2021-05-20,BRCSANACNOR6BR00,2,100,22.21,Executed,16:54:56.983000
1161,2021-05-20,BRLOGNACNOR3BR00,1,100,18.95,Executed,16:54:57.003000
1162,2021-05-20,BRSMTOACNOR3BR00,2,100,33.6,Executed,16:54:57.003000
1163,2021-05-20,BRBPACUNT006BR00,2,100,119.32,Executed,16:54:57.010000
1164,2021-05-20,BRALUPCDAM15BR00,1,100,26.72,Executed,16:54:57.023000
1165,2021-05-20,BRRAPTACNPR4BR00,1,100,14.86,Executed,16:54:57.057000
1166,2021-05-20,BRLOGNACNOR3BR00,1,100,18.95,Executed,16:54:57.153000
1167,2021-05-20,BRIRBRACNOR4BR00,1,100,6.07,Executed,16:54:57.180000
1168,2021-05-20,BRELETACNOR6BR00,1,100,41.51,Executed,16:54:57.183000
1169,2021-05-20,BRLAMEACNOR9BR00,1,100,17.67,Executed,16:54:57.270000
1170,2021-05-20,BRROMIACNOR8BR00,1,100,26.58,Executed,16:54:57.307000
1171,2021-05-20,BRELETACNPB7BR00,1,100,41.28,Executed,16:54:57.533000
1172,2021-05-20,BRCSANACNOR6BR00,2,100,22.21,Executed,16:54:57.543000
1173,2021-05-20,BRITSAACNPR7BR00,1,100,10.7899,Executed,16:54:57.563000
1174,2021-05-20,BRGOAUACNPR8BR00,1,100,15.14,Executed,16:54:57.640000
1175,2021-05-20,BRELETACNOR6BR00,1,100,41.52,Executed,16:54:57.643000
1176,2021-05-20,BRFLRYACNOR5BR00,2,100,27.5,Executed,16:54:57.647000
1177,2021-05-20,BRCRFBACNOR2BR00,1,100,20.6,Executed,16:54:57.700000
1178,2021-05-20,BRCRFBACNOR2BR00,1,100,20.6,Executed,16:54:57.813000
1179,2021-05-20,BRELETACNPB7BR00,1,100,41.28,Executed,16:54:57.817000
1180,2021-05-20,BRABCBACNPR4BR00,1,100,16.7,Executed,16:54:57.993000
1181,2021-05-20,BRLINXACNOR0BR00,2,100,37.14,Executed,16:54:58.003000
1182,2021-05-20,BRITSAACNPR7BR00,1,100,10.7899,Executed,16:54:58.003000
1183,2021-05-20,BRELETACNPB7BR00,1,100,41.28,Executed,16:54:58.073000
1184,2021-05-20,BRLAMEACNOR9BR00,1,100,17.67,Executed,16:54:58.073000
1185,2021-05-20,BRIRBRACNOR4BR00,1,100,6.07,Executed,16:54:58.193000
1186,2021-05-20,BRJHSFACNOR2BR00,1,100,7.6,Executed,16:54:58.193000
1187,2021-05-20,BRCRFBACNOR2BR00,1,100,20.6,Executed,16:54:58.193000
1188,2021-05-20,BRCPFEACNOR0BR00,2,100,28.76,Executed,16:54:58.287000
1189,2021-05-20,BRMGLUACNOR2BR00,2,100,18.7,Executed,16:54:58.593000
1190,2021-05-20,BRB3SAACNOR6BR00,1,100,17.28,Executed,16:54:58.603000
1191,2021-05-20,BRHYPEACNOR0BR00,2,100,35.28,Executed,16:54:58.623000
1192,2021-05-20,BRHYPEACNOR0BR00,2,100,35.24,Executed,16:54:58.627000
1193,2021-05-20,BRLAMEACNOR9BR00,1,100,17.68,Executed,16:54:58.647000
1194,2021-05-20,BRDIRRACNOR0BR00,1,100,13.32,Executed,16:54:58.710000
1195,2021-05-20,BRBBDCACNPR8BR00,2,100,25.68,Executed,16:54:58.737000
1196,2021-05-20,BRHYPEACNOR0BR00,2,100,35.24,Executed,16:54:58.740000
1197,2021-05-20,BRVVARACNOR1BR00,1,100,11.96,Executed,16:54:59.007000
1198,2021-05-20,BRALUPCDAM15BR00,1,100,26.72,Executed,16:54:59.010000
1199,2021-05-20,BRITSAACNPR7BR00,1,100,10.7899,Executed,16:54:59.010000
1200,2021-05-20,BRJHSFACNOR2BR00,1,100,7.6,Executed,16:54:59.087000
1201,2021-05-20,BRMRVEACNOR2BR00,2,100,17.64,Executed,16:54:59.093000
1202,2021-05-20,BRMRVEACNOR2BR00,2,100,17.64,Executed,16:54:59.110000
1203,2021-05-20,BRABEVACNOR1BR00,1,100,17.55,Executed,16:54:59.210000
1204,2021-05-20,BRECORACNOR8BR00,2,100,12.39,Executed,16:54:59.233000
1205,2021-05-20,BRANIMACNOR6BR00,2,100,12.27,Executed,16:54:59.253000
1206,2021-05-20,BRCSNAACNOR6BR00,2,100,47.09,Executed,16:54:59.320000
1207,2021-05-20,BRMGLUACNOR2BR00,2,100,18.7,Executed,16:54:59.760000
1208,2021-05-20,BRBRSRACNPB4BR00,1,100,13.17,Executed,16:54:59.777000
1209,2021-05-20,BRROMIACNOR8BR00,1,100,26.58,Executed,16:54:59.803000
1210,2021-05-20,BRB3SAACNOR6BR00,1,100,17.28,Executed,16:54:59.837000
1211,2021-05-20,BRSMTOACNOR3BR00,2,100,33.67,Executed,17:08:00.063000
1212,2021-05-20,BRCSANACNOR6BR00,2,100,22.2,Executed,16:54:59.983000
